1994-Nov-19, 30, 03, 05, 44, 14, 22, 10, 0, Guinevere
1994-Nov-26, 16, 06, 44, 31, 12, 15, 37, 0, Arthur
1994-Dec-03, 21, 11, 17, 30, 29, 40, 31, 0, Arthur
1994-Dec-10, 26, 47, 49, 43, 35, 38, 28, 0, Guinevere
1994-Dec-17, 13, 03, 38, 05, 14, 09, 30, 0, Arthur
1994-Dec-24, 27, 29, 39, 03, 44, 02, 06, 0, Arthur
1994-Dec-31, 17, 44, 36, 32, 09, 42, 16, 0, Arthur
1995-Jan-07, 21, 32, 02, 05, 25, 22, 46, 0, Arthur
1995-Jan-14, 23, 38, 17, 07, 32, 42, 48, 1, Guinevere
1995-Jan-21, 47, 06, 16, 31, 30, 20, 04, 4, Guinevere
1995-Jan-28, 31, 16, 25, 43, 04, 26, 21, 3, Arthur
1995-Feb-04, 46, 42, 01, 38, 07, 37, 20, 2, Arthur
1995-Feb-11, 48, 38, 15, 29, 18, 35, 05, 5, Arthur
1995-Feb-18, 45, 16, 36, 19, 21, 29, 43, 4, Guinevere
1995-Feb-25, 18, 33, 08, 31, 05, 10, 28, 7, Guinevere
1995-Mar-04, 17, 36, 11, 12, 42, 26, 13, 8, Arthur
1995-Mar-11, 02, 22, 13, 46, 29, 27, 36, 7, Guinevere
1995-Mar-18, 41, 19, 31, 18, 09, 24, 21, 4, Guinevere
1995-Mar-25, 04, 49, 41, 44, 42, 17, 24, 2, Guinevere
1995-Apr-01, 43, 41, 22, 25, 30, 32, 29, 6, Lancelot
1995-Apr-08, 42, 17, 22, 24, 47, 14, 34, 8, Lancelot
1995-Apr-15, 01, 23, 26, 04, 06, 49, 08, 7, Arthur
1995-Apr-22, 33, 36, 08, 20, 38, 18, 46, 8, Arthur
1995-Apr-29, 31, 09, 15, 34, 48, 22, 23, 6, Arthur
1995-May-06, 35, 14, 48, 17, 43, 05, 22, 4, Lancelot
1995-May-13, 41, 16, 28, 25, 07, 26, 19, 2, Arthur
1995-May-20, 46, 15, 17, 28, 16, 32, 22, 6, Lancelot
1995-May-27, 45, 12, 25, 37, 44, 13, 09, 8, Arthur
1995-Jun-03, 31, 01, 29, 40, 21, 32, 27, 4, Arthur
1995-Jun-10, 44, 15, 26, 46, 12, 49, 14, 1, Guinevere
1995-Jun-17, 48, 30, 40, 27, 38, 33, 02, 2, Guinevere
1995-Jun-24, 05, 43, 45, 21, 15, 42, 20, 2, Arthur
1995-Jul-01, 25, 07, 08, 05, 48, 44, 03, 8, Arthur
1995-Jul-08, 03, 14, 11, 20, 01, 40, 45, 4, Arthur
1995-Jul-15, 01, 04, 43, 20, 31, 41, 38, 6, Arthur
1995-Jul-22, 03, 21, 22, 02, 23, 40, 24, 2, Guinevere
1995-Jul-29, 41, 34, 49, 28, 46, 45, 11, 7, Arthur
1995-Aug-05, 35, 01, 25, 30, 45, 08, 15, 8, Guinevere
1995-Aug-12, 25, 33, 28, 47, 11, 34, 48, 4, Guinevere
1995-Aug-19, 24, 23, 48, 05, 08, 28, 19, 8, Guinevere
1995-Aug-26, 21, 41, 18, 38, 16, 27, 26, 2, Arthur
1995-Sep-02, 40, 49, 28, 15, 01, 22, 44, 7, Guinevere
1995-Sep-09, 12, 22, 41, 02, 20, 45, 47, 4, Guinevere
1995-Sep-16, 37, 14, 25, 41, 10, 02, 05, 2, Arthur
1995-Sep-23, 10, 34, 24, 19, 05, 46, 28, 4, Guinevere
1995-Sep-30, 11, 33, 40, 10, 32, 29, 16, 8, Lancelot
1995-Oct-07, 28, 37, 10, 30, 36, 22, 45, 7, Guinevere
1995-Oct-14, 25, 30, 09, 05, 04, 47, 17, 8, Lancelot
1995-Oct-21, 17, 19, 02, 21, 06, 47, 05, 2, Guinevere
1995-Oct-28, 16, 33, 44, 27, 35, 07, 05, 6, Lancelot
1995-Nov-04, 06, 14, 18, 48, 27, 44, 01, 7, Lancelot
1995-Nov-11, 23, 28, 48, 10, 07, 30, 03, 3, Guinevere
1995-Nov-18, 33, 07, 04, 48, 18, 45, 01, 5, Lancelot
1995-Nov-25, 46, 42, 28, 16, 30, 23, 45, 6, Guinevere
1995-Dec-02, 26, 16, 19, 46, 15, 35, 07, 2, Lancelot
1995-Dec-09, 05, 26, 29, 12, 11, 33, 20, 3, Lancelot
1995-Dec-16, 23, 49, 07, 28, 35, 08, 10, 6, Lancelot
1995-Dec-23, 40, 47, 06, 49, 34, 11, 16, 2, Lancelot
1995-Dec-30, 06, 43, 42, 39, 45, 32, 36, 4, Guinevere
1996-Jan-06, 04, 13, 02, 03, 42, 44, 24, 7, Lancelot
1996-Jan-13, 31, 32, 48, 21, 29, 34, 25, 6, Guinevere
1996-Jan-20, 23, 37, 33, 30, 25, 05, 03, 3, Lancelot
1996-Jan-27, 16, 41, 38, 17, 43, 42, 28, 8, Guinevere
1996-Feb-03, 02, 32, 44, 22, 09, 26, 40, 2, Lancelot
1996-Feb-10, 14, 28, 11, 04, 15, 42, 06, 7, Lancelot
1996-Feb-17, 18, 14, 16, 22, 04, 15, 33, 4, Lancelot
1996-Feb-24, 05, 24, 44, 02, 07, 35, 30, 8, Guinevere
1996-Mar-02, 41, 11, 09, 24, 45, 12, 06, 3, Guinevere
1996-Mar-09, 45, 30, 37, 16, 29, 14, 07, 2, Guinevere
1996-Mar-16, 19, 38, 48, 12, 28, 02, 45, 8, Guinevere
1996-Mar-23, 30, 18, 05, 14, 43, 07, 28, 7, Guinevere
1996-Mar-30, 37, 12, 49, 27, 26, 28, 43, 6, Arthur
1996-Apr-06, 38, 04, 14, 01, 17, 06, 09, 8, Arthur
1996-Apr-13, 38, 47, 23, 44, 49, 40, 12, 6, Guinevere
1996-Apr-20, 40, 31, 09, 29, 28, 48, 23, 7, Arthur
1996-Apr-27, 18, 11, 31, 48, 06, 04, 41, 2, Arthur
1996-May-04, 47, 06, 33, 25, 26, 34, 49, 4, Arthur
1996-May-11, 07, 48, 12, 10, 22, 34, 11, 8, Arthur
1996-May-18, 33, 46, 04, 40, 13, 12, 41, 6, Guinevere
1996-May-25, 08, 26, 42, 20, 34, 43, 25, 7, Arthur
1996-Jun-01, 35, 45, 24, 37, 36, 39, 20, 2, Arthur
1996-Jun-08, 32, 15, 17, 11, 25, 46, 29, 4, Arthur
1996-Jun-15, 47, 25, 18, 44, 13, 46, 34, 7, Arthur
1996-Jun-22, 04, 07, 11, 17, 03, 40, 20, 7, Lancelot
1996-Jun-29, 34, 35, 17, 27, 46, 04, 07, 6, Lancelot
1996-Jul-06, 44, 47, 45, 43, 26, 13, 36, 8, Lancelot
1996-Jul-13, 11, 05, 42, 41, 10, 12, 02, 1, Arthur
1996-Jul-20, 14, 44, 06, 25, 34, 20, 45, 3, Arthur
1996-Jul-27, 13, 21, 45, 02, 19, 32, 09, 2, Guinevere
1996-Aug-03, 26, 28, 36, 31, 13, 17, 44, 4, Lancelot
1996-Aug-10, 41, 23, 36, 45, 03, 38, 44, 7, Lancelot
1996-Aug-17, 28, 42, 33, 39, 44, 02, 46, 5, Lancelot
1996-Aug-24, 08, 11, 14, 33, 44, 18, 34, 1, Guinevere
1996-Aug-31, 27, 03, 05, 47, 14, 44, 43, 3, Guinevere
1996-Sep-07, 05, 13, 15, 44, 18, 32, 41, 6, Guinevere
1996-Sep-14, 10, 09, 38, 48, 11, 02, 01, 2, Lancelot
1996-Sep-21, 41, 35, 08, 07, 30, 12, 47, 7, Guinevere
1996-Sep-28, 19, 26, 23, 39, 36, 31, 03, 3, Guinevere
1996-Oct-05, 47, 45, 09, 48, 06, 25, 14, 2, Lancelot
1996-Oct-12, 25, 15, 45, 16, 39, 30, 14, 1, Lancelot
1996-Oct-19, 13, 34, 48, 10, 39, 31, 33, 4, Guinevere
1996-Oct-26, 01, 35, 03, 20, 30, 09, 36, 6, Guinevere
1996-Nov-02, 48, 35, 43, 23, 32, 07, 25, 3, Lancelot
1996-Nov-09, 43, 24, 49, 08, 27, 41, 05, 2, Lancelot
1996-Nov-16, 42, 01, 05, 16, 18, 37, 24, 5, Guinevere
1996-Nov-23, 49, 16, 46, 43, 34, 33, 47, 4, Lancelot
1996-Nov-30, 26, 12, 04, 25, 05, 49, 48, 6, Guinevere
1996-Dec-07, 42, 17, 13, 22, 47, 06, 30, 1, Lancelot
1996-Dec-14, 24, 12, 33, 42, 47, 34, 44, 4, Guinevere
1996-Dec-21, 26, 45, 42, 05, 35, 38, 46, 7, Lancelot
1996-Dec-28, 08, 31, 20, 10, 39, 27, 30, 3, Lancelot
1997-Jan-04, 40, 27, 13, 14, 41, 11, 23, 1, Lancelot
1997-Jan-11, 16, 43, 04, 11, 18, 35, 39, 3, Arthur
1997-Jan-18, 22, 48, 03, 31, 21, 26, 43, 2, Arthur
1997-Jan-25, 35, 31, 47, 01, 28, 24, 09, 6, Lancelot
1997-Feb-01, 12, 48, 36, 20, 28, 16, 34, 1, Arthur
1997-Feb-05, 25, 09, 35, 28, 29, 31, 37, 4, Lancelot
1997-Feb-08, 09, 13, 36, 47, 27, 30, 15, 6, Arthur
1997-Feb-12, 23, 45, 05, 38, 29, 14, 47, 5, Arthur
1997-Feb-15, 14, 21, 07, 38, 47, 34, 13, 4, Arthur
1997-Feb-19, 39, 36, 09, 11, 19, 41, 13, 3, Lancelot
1997-Feb-22, 05, 23, 08, 01, 09, 27, 22, 6, Arthur
1997-Feb-26, 34, 36, 38, 44, 02, 46, 40, 2, Lancelot
1997-Mar-01, 33, 23, 49, 08, 02, 42, 14, 1, Lancelot
1997-Mar-05, 28, 12, 20, 24, 43, 07, 45, 3, Arthur
1997-Mar-08, 12, 29, 05, 39, 20, 42, 22, 5, Lancelot
1997-Mar-12, 05, 22, 25, 16, 03, 04, 12, 4, Arthur
1997-Mar-15, 43, 39, 37, 24, 07, 40, 15, 6, Arthur
1997-Mar-19, 40, 16, 48, 13, 29, 17, 32, 2, Arthur
1997-Mar-22, 41, 39, 27, 40, 14, 43, 21, 5, Arthur
1997-Mar-26, 24, 44, 43, 42, 33, 47, 17, 3, Lancelot
1997-Mar-29, 19, 40, 36, 17, 31, 39, 25, 1, Lancelot
1997-Apr-02, 25, 17, 10, 43, 40, 05, 08, 2, Lancelot
1997-Apr-05, 46, 28, 31, 01, 41, 03, 33, 6, Arthur
1997-Apr-09, 06, 22, 35, 49, 45, 42, 16, 5, Arthur
1997-Apr-12, 09, 37, 27, 44, 42, 29, 21, 3, Arthur
1997-Apr-16, 48, 37, 09, 06, 19, 03, 25, 2, Lancelot
1997-Apr-19, 32, 37, 14, 01, 16, 25, 11, 6, Arthur
1997-Apr-23, 23, 34, 12, 08, 17, 43, 36, 4, Lancelot
1997-Apr-26, 10, 06, 14, 25, 27, 38, 05, 7, Arthur
1997-Apr-30, 16, 40, 10, 17, 24, 08, 13, 8, Lancelot
1997-May-03, 29, 40, 35, 20, 06, 31, 21, 5, Arthur
1997-May-07, 43, 34, 19, 28, 12, 31, 40, 1, Lancelot
1997-May-10, 44, 25, 22, 23, 12, 19, 02, 6, Lancelot
1997-May-14, 02, 21, 29, 37, 08, 16, 22, 7, Arthur
1997-May-17, 09, 02, 13, 18, 27, 48, 24, 8, Lancelot
1997-May-21, 08, 21, 38, 49, 39, 05, 34, 3, Lancelot
1997-May-24, 26, 03, 23, 33, 25, 21, 24, 2, Lancelot
1997-May-28, 19, 36, 48, 24, 25, 03, 17, 4, Lancelot
1997-May-31, 29, 09, 28, 05, 02, 45, 49, 5, Lancelot
1997-Jun-04, 34, 18, 44, 21, 30, 19, 06, 6, Guinevere
1997-Jun-07, 21, 30, 40, 25, 14, 12, 03, 4, Guinevere
1997-Jun-11, 40, 44, 10, 42, 31, 33, 20, 3, Guinevere
1997-Jun-14, 10, 08, 16, 43, 44, 03, 34, 4, Guinevere
1997-Jun-18, 23, 19, 04, 14, 25, 48, 42, 2, Arthur
1997-Jun-21, 27, 44, 26, 01, 17, 30, 47, 7, Arthur
1997-Jun-25, 27, 38, 28, 40, 12, 17, 06, 8, Arthur
1997-Jun-28, 14, 02, 09, 48, 36, 43, 27, 6, Arthur
1997-Jul-02, 18, 06, 41, 22, 10, 45, 29, 1, Arthur
1997-Jul-05, 01, 36, 43, 11, 04, 44, 41, 5, Guinevere
1997-Jul-09, 03, 43, 13, 22, 05, 24, 23, 6, Guinevere
1997-Jul-12, 45, 44, 09, 04, 27, 37, 07, 4, Guinevere
1997-Jul-16, 08, 35, 45, 23, 18, 26, 03, 5, Arthur
1997-Jul-19, 45, 47, 07, 19, 36, 44, 04, 7, Guinevere
1997-Jul-23, 04, 28, 11, 21, 34, 27, 16, 3, Guinevere
1997-Jul-26, 27, 15, 41, 30, 09, 20, 31, 8, Arthur
1997-Jul-30, 12, 19, 03, 45, 06, 44, 20, 10, Guinevere
1997-Aug-02, 16, 47, 02, 43, 37, 28, 31, 7, Guinevere
1997-Aug-06, 49, 20, 03, 06, 45, 05, 31, 4, Arthur
1997-Aug-09, 01, 30, 31, 25, 18, 20, 44, 3, Arthur
1997-Aug-13, 29, 17, 10, 05, 41, 43, 45, 2, Arthur
1997-Aug-16, 02, 49, 20, 09, 19, 38, 11, 6, Guinevere
1997-Aug-20, 28, 08, 41, 20, 27, 36, 30, 7, Arthur
1997-Aug-23, 25, 36, 44, 47, 10, 04, 29, 1, Arthur
1997-Aug-27, 25, 47, 31, 07, 22, 01, 20, 6, Arthur
1997-Aug-30, 33, 46, 30, 38, 06, 20, 42, 6, Arthur
1997-Sep-03, 43, 22, 14, 38, 10, 30, 25, 1, Guinevere
1997-Sep-07, 22, 41, 40, 36, 20, 26, 16, 4, Arthur
1997-Sep-10, 31, 20, 45, 43, 35, 32, 05, 3, Arthur
1997-Sep-13, 05, 40, 02, 31, 01, 32, 44, 10, Arthur
1997-Sep-17, 40, 44, 20, 07, 21, 22, 04, 7, Guinevere
1997-Sep-20, 44, 09, 30, 38, 40, 43, 31, 4, Guinevere
1997-Sep-24, 31, 32, 44, 12, 14, 29, 46, 10, Arthur
1997-Sep-27, 33, 40, 15, 21, 29, 32, 42, 2, Guinevere
1997-Oct-01, 38, 17, 08, 12, 49, 35, 25, 10, Arthur
1997-Oct-04, 46, 19, 40, 12, 36, 28, 38, 1, Arthur
1997-Oct-08, 03, 43, 04, 23, 34, 07, 15, 3, Guinevere
1997-Oct-11, 18, 17, 15, 34, 40, 27, 29, 4, Guinevere
1997-Oct-15, 45, 39, 30, 17, 11, 35, 47, 6, Guinevere
1997-Oct-18, 04, 28, 46, 09, 32, 25, 47, 2, Arthur
1997-Oct-22, 01, 08, 14, 09, 35, 24, 33, 7, Guinevere
1997-Oct-25, 10, 38, 27, 40, 21, 44, 34, 1, Arthur
1997-Oct-29, 02, 04, 33, 32, 25, 45, 31, 3, Arthur
1997-Nov-01, 37, 16, 10, 39, 09, 14, 28, 4, Guinevere
1997-Nov-05, 01, 04, 09, 06, 32, 38, 46, 7, Guinevere
1997-Nov-08, 24, 34, 05, 48, 40, 37, 33, 6, Guinevere
1997-Nov-12, 08, 45, 36, 06, 27, 03, 47, 1, Arthur
1997-Nov-15, 14, 11, 32, 35, 34, 23, 41, 2, Guinevere
1997-Nov-19, 22, 47, 27, 33, 42, 46, 32, 3, Guinevere
1997-Nov-22, 45, 08, 14, 28, 24, 39, 29, 1, Guinevere
1997-Nov-26, 23, 47, 24, 19, 11, 05, 17, 2, Arthur
1997-Nov-29, 02, 21, 47, 08, 46, 29, 28, 7, Arthur
1997-Dec-03, 08, 39, 36, 49, 47, 01, 37, 3, Arthur
1997-Dec-06, 30, 05, 19, 09, 21, 49, 43, 6, Guinevere
1997-Dec-10, 04, 38, 17, 22, 48, 29, 20, 1, Arthur
1997-Dec-13, 04, 30, 32, 14, 03, 11, 46, 7, Guinevere
1997-Dec-17, 36, 35, 49, 17, 46, 43, 07, 4, Arthur
1997-Dec-20, 01, 34, 26, 38, 02, 07, 14, 2, Arthur
1997-Dec-24, 05, 29, 41, 11, 06, 36, 47, 6, Arthur
1997-Dec-27, 31, 14, 21, 28, 40, 46, 09, 1, Arthur
1997-Dec-31, 21, 18, 13, 08, 29, 23, 30, 3, Arthur
1998-Jan-03, 28, 13, 35, 26, 01, 45, 30, 7, Arthur
1998-Jan-07, 38, 25, 14, 07, 36, 32, 44, 1, Arthur
1998-Jan-10, 03, 49, 10, 27, 11, 47, 08, 2, Arthur
1998-Jan-14, 28, 27, 20, 41, 33, 31, 38, 6, Arthur
1998-Jan-17, 38, 14, 48, 33, 46, 31, 26, 3, Lancelot
1998-Jan-21, 12, 05, 24, 35, 38, 36, 34, 4, Arthur
1998-Jan-24, 24, 49, 06, 01, 14, 04, 22, 3, Arthur
1998-Jan-28, 15, 04, 12, 32, 47, 31, 14, 7, Arthur
1998-Jan-31, 40, 46, 17, 30, 22, 48, 10, 6, Lancelot
1998-Feb-04, 32, 42, 17, 45, 13, 35, 20, 1, Lancelot
1998-Feb-07, 31, 25, 27, 09, 42, 45, 24, 4, Arthur
1998-Feb-11, 42, 11, 49, 32, 46, 38, 26, 7, Lancelot
1998-Feb-14, 17, 13, 14, 28, 08, 20, 10, 2, Arthur
1998-Feb-18, 32, 01, 25, 05, 13, 10, 48, 3, Arthur
1998-Feb-21, 16, 37, 02, 25, 45, 27, 10, 6, Arthur
1998-Feb-25, 21, 09, 36, 48, 27, 42, 13, 2, Lancelot
1998-Feb-28, 01, 18, 15, 30, 07, 31, 09, 7, Lancelot
1998-Mar-04, 06, 41, 45, 34, 28, 30, 12, 2, Arthur
1998-Mar-07, 14, 44, 11, 39, 04, 43, 37, 1, Lancelot
1998-Mar-11, 16, 23, 28, 33, 22, 37, 17, 7, Lancelot
1998-Mar-14, 26, 15, 18, 02, 38, 36, 42, 5, Lancelot
1998-Mar-18, 47, 25, 39, 31, 46, 12, 01, 6, Lancelot
1998-Mar-21, 41, 15, 02, 26, 23, 43, 05, 4, Lancelot
1998-Mar-25, 25, 10, 06, 31, 01, 45, 08, 3, Lancelot
1998-Mar-28, 28, 37, 11, 23, 29, 13, 08, 1, Guinevere
1998-Apr-01, 36, 01, 24, 02, 37, 38, 31, 3, Arthur
1998-Apr-04, 33, 24, 19, 38, 48, 05, 20, 6, Guinevere
1998-Apr-08, 41, 43, 37, 22, 47, 09, 14, 2, Arthur
1998-Apr-11, 44, 07, 43, 31, 35, 10, 37, 7, Lancelot
1998-Apr-15, 36, 26, 29, 18, 12, 01, 02, 5, Lancelot
1998-Apr-18, 29, 33, 42, 13, 31, 01, 09, 1, Guinevere
1998-Apr-22, 37, 12, 10, 07, 09, 03, 46, 4, Arthur
1998-Apr-25, 17, 38, 22, 48, 43, 36, 16, 3, Guinevere
1998-Apr-29, 40, 15, 36, 28, 34, 12, 01, 2, Arthur
1998-May-02, 02, 49, 04, 29, 24, 16, 47, 4, Arthur
1998-May-06, 22, 19, 27, 06, 14, 07, 09, 7, Guinevere
1998-May-09, 35, 40, 25, 02, 26, 09, 47, 2, Arthur
1998-May-13, 16, 13, 03, 42, 23, 41, 21, 3, Guinevere
1998-May-16, 34, 04, 44, 10, 02, 06, 21, 4, Arthur
1998-May-20, 11, 42, 35, 36, 31, 15, 10, 5, Arthur
1998-May-23, 24, 20, 47, 08, 43, 35, 32, 1, Lancelot
1998-May-27, 13, 15, 26, 08, 39, 42, 33, 6, Arthur
1998-May-30, 03, 02, 40, 29, 38, 14, 43, 1, Lancelot
1998-Jun-03, 17, 41, 23, 18, 01, 33, 42, 7, Guinevere
1998-Jun-06, 31, 15, 48, 23, 42, 01, 05, 2, Arthur
1998-Jun-10, 28, 33, 46, 02, 26, 09, 21, 3, Guinevere
1998-Jun-13, 07, 02, 10, 27, 45, 15, 31, 4, Lancelot
1998-Jun-17, 17, 02, 27, 16, 20, 10, 39, 5, Guinevere
1998-Jun-20, 14, 38, 27, 31, 47, 01, 32, 6, Arthur
1998-Jun-24, 19, 25, 14, 02, 33, 26, 18, 7, Arthur
1998-Jun-27, 11, 43, 09, 07, 23, 30, 35, 1, Arthur
1998-Jul-01, 28, 18, 40, 46, 44, 17, 29, 6, Arthur
1998-Jul-04, 49, 29, 09, 32, 15, 25, 14, 2, Lancelot
1998-Jul-08, 13, 12, 36, 23, 33, 21, 14, 3, Arthur
1998-Jul-11, 03, 39, 14, 23, 43, 30, 32, 2, Arthur
1998-Jul-15, 15, 01, 23, 35, 39, 31, 14, 3, Guinevere
1998-Jul-18, 42, 44, 20, 03, 33, 11, 36, 4, Merlin
1998-Jul-22, 28, 46, 38, 47, 39, 34, 21, 5, Guinevere
1998-Jul-25, 36, 43, 18, 44, 25, 38, 19, 7, Lancelot
1998-Jul-29, 23, 38, 07, 01, 48, 29, 02, 7, Arthur
1998-Aug-01, 12, 41, 49, 31, 14, 48, 06, 6, Lancelot
1998-Aug-05, 38, 42, 35, 40, 47, 13, 34, 3, Arthur
1998-Aug-08, 21, 02, 47, 05, 17, 45, 25, 2, Lancelot
1998-Aug-12, 23, 25, 44, 21, 49, 12, 20, 4, Arthur
1998-Aug-15, 35, 15, 03, 31, 05, 22, 47, 4, Lancelot
1998-Aug-19, 27, 48, 46, 44, 05, 34, 49, 7, Guinevere
1998-Aug-22, 02, 38, 11, 27, 32, 10, 06, 6, Lancelot
1998-Aug-26, 43, 26, 27, 03, 30, 20, 45, 5, Guinevere
1998-Aug-29, 10, 44, 37, 42, 12, 45, 20, 6, Merlin
1998-Sep-02, 43, 33, 19, 27, 39, 07, 09, 5, Arthur
1998-Sep-05, 27, 47, 42, 11, 10, 09, 08, 2, Arthur
1998-Sep-09, 32, 02, 01, 09, 27, 28, 25, 3, Arthur
1998-Sep-12, 15, 33, 03, 23, 28, 25, 29, 4, Arthur
1998-Sep-16, 45, 18, 36, 28, 25, 40, 43, 1, Guinevere
1998-Sep-19, 34, 40, 28, 24, 26, 27, 09, 6, Guinevere
1998-Sep-23, 14, 28, 11, 26, 09, 39, 27, 5, Arthur
1998-Sep-26, 35, 15, 40, 06, 18, 29, 49, 7, Guinevere
1998-Sep-30, 10, 31, 12, 28, 14, 38, 27, 2, Arthur
1998-Oct-03, 19, 01, 32, 11, 18, 22, 41, 7, Guinevere
1998-Oct-07, 12, 29, 24, 02, 30, 33, 41, 3, Arthur
1998-Oct-10, 46, 26, 43, 21, 11, 13, 38, 1, Arthur
1998-Oct-14, 41, 01, 02, 45, 05, 15, 24, 6, Guinevere
1998-Oct-17, 37, 03, 45, 25, 41, 36, 09, 4, Arthur
1998-Oct-21, 11, 41, 03, 42, 15, 48, 26, 5, Arthur
1998-Oct-24, 15, 41, 26, 06, 08, 23, 49, 7, Guinevere
1998-Oct-28, 31, 07, 49, 02, 01, 17, 41, 2, Arthur
1998-Oct-31, 14, 05, 12, 18, 38, 09, 35, 1, Arthur
1998-Nov-04, 09, 11, 02, 42, 23, 24, 27, 6, Arthur
1998-Nov-07, 31, 32, 13, 25, 24, 44, 43, 5, Guinevere
1998-Nov-11, 05, 19, 49, 29, 11, 25, 12, 7, Arthur
1998-Nov-14, 07, 23, 17, 12, 11, 39, 42, 4, Merlin
1998-Nov-18, 02, 12, 47, 35, 30, 08, 39, 3, Merlin
1998-Nov-21, 17, 49, 22, 38, 07, 09, 47, 2, Lancelot
1998-Nov-25, 08, 04, 39, 37, 43, 30, 31, 1, Lancelot
1998-Nov-28, 30, 37, 25, 04, 26, 45, 46, 1, Lancelot
1998-Dec-02, 16, 37, 11, 28, 49, 07, 30, 7, Lancelot
1998-Dec-05, 27, 35, 23, 26, 04, 07, 28, 6, Lancelot
1998-Dec-09, 49, 01, 40, 45, 07, 39, 38, 3, Merlin
1998-Dec-12, 46, 38, 28, 41, 26, 39, 25, 2, Merlin
1998-Dec-16, 11, 19, 40, 20, 24, 29, 09, 4, Merlin
1998-Dec-19, 10, 09, 18, 25, 48, 28, 34, 7, Merlin
1998-Dec-23, 12, 18, 47, 04, 38, 30, 20, 4, Merlin
1998-Dec-26, 08, 02, 32, 35, 41, 11, 04, 5, Merlin
1998-Dec-30, 03, 18, 49, 13, 24, 34, 33, 5, Merlin
1999-Jan-02, 38, 04, 41, 31, 46, 33, 22, 6, Lancelot
1999-Jan-06, 18, 02, 21, 47, 11, 23, 27, 8, Merlin
1999-Jan-09, 34, 01, 23, 37, 15, 40, 45, 3, Guinevere
1999-Jan-13, 35, 25, 48, 27, 06, 42, 15, 2, Lancelot
1999-Jan-16, 41, 11, 32, 42, 28, 26, 44, 4, Guinevere
1999-Jan-20, 08, 28, 19, 40, 14, 04, 12, 1, Guinevere
1999-Jan-23, 10, 08, 47, 17, 32, 01, 02, 7, Lancelot
1999-Jan-27, 03, 02, 20, 06, 21, 22, 11, 6, Guinevere
1999-Jan-30, 32, 19, 07, 37, 44, 40, 47, 1, Guinevere
1999-Feb-03, 39, 24, 47, 03, 18, 16, 17, 3, Lancelot
1999-Feb-06, 17, 40, 38, 02, 49, 23, 10, 5, Guinevere
1999-Feb-10, 35, 21, 33, 02, 49, 20, 32, 2, Lancelot
1999-Feb-13, 23, 27, 47, 26, 49, 05, 48, 4, Guinevere
1999-Feb-17, 42, 31, 32, 22, 02, 40, 33, 7, Guinevere
1999-Feb-20, 23, 17, 03, 40, 09, 29, 44, 1, Guinevere
1999-Feb-24, 02, 03, 34, 27, 13, 48, 41, 8, Arthur
1999-Feb-27, 01, 13, 07, 15, 38, 43, 47, 3, Lancelot
1999-Mar-03, 22, 40, 25, 24, 20, 36, 01, 5, Merlin
1999-Mar-06, 08, 37, 43, 32, 47, 33, 45, 2, Guinevere
1999-Mar-10, 18, 49, 27, 08, 36, 32, 46, 2, Arthur
1999-Mar-13, 15, 02, 17, 44, 01, 24, 22, 1, Guinevere
1999-Mar-17, 45, 01, 07, 29, 38, 46, 35, 8, Arthur
1999-Mar-20, 45, 29, 13, 49, 25, 17, 28, 6, Lancelot
1999-Mar-24, 45, 48, 13, 21, 32, 27, 22, 3, Merlin
1999-Mar-27, 44, 09, 36, 25, 30, 48, 02, 5, Guinevere
1999-Mar-31, 26, 01, 24, 38, 05, 12, 11, 8, Merlin
1999-Apr-03, 09, 07, 43, 03, 40, 15, 11, 2, Guinevere
1999-Apr-07, 46, 29, 23, 10, 15, 27, 38, 4, Arthur
1999-Apr-10, 35, 25, 18, 36, 32, 10, 02, 3, Guinevere
1999-Apr-14, 09, 32, 25, 05, 12, 30, 38, 6, Arthur
1999-Apr-17, 41, 46, 28, 16, 29, 03, 06, 1, Guinevere
1999-Apr-21, 44, 22, 03, 31, 46, 12, 45, 5, Arthur
1999-Apr-24, 08, 25, 11, 03, 46, 47, 30, 8, Guinevere
1999-Apr-28, 24, 43, 49, 15, 36, 23, 11, 4, Arthur
1999-May-01, 24, 31, 07, 33, 40, 20, 49, 7, Lancelot
1999-May-05, 22, 07, 44, 17, 39, 13, 18, 3, Arthur
1999-May-08, 01, 33, 12, 31, 47, 24, 07, 1, Lancelot
1999-May-12, 08, 26, 47, 09, 29, 38, 44, 1, Arthur
1999-May-15, 24, 27, 14, 18, 04, 40, 33, 2, Guinevere
1999-May-19, 38, 49, 05, 27, 02, 01, 41, 4, Lancelot
1999-May-22, 24, 26, 08, 11, 14, 49, 45, 5, Guinevere
1999-May-26, 33, 46, 29, 14, 22, 26, 10, 6, Lancelot
1999-May-29, 07, 03, 12, 43, 09, 44, 45, 8, Guinevere
1999-Jun-02, 37, 36, 34, 23, 27, 17, 12, 3, Guinevere
1999-Jun-05, 24, 20, 11, 28, 48, 35, 33, 7, Merlin
1999-Jun-09, 46, 48, 10, 08, 12, 34, 20, 1, Lancelot
1999-Jun-12, 23, 03, 18, 21, 49, 36, 47, 2, Guinevere
1999-Jun-16, 25, 37, 17, 45, 38, 21, 05, 6, Lancelot
1999-Jun-19, 20, 42, 04, 24, 41, 06, 38, 7, Guinevere
1999-Jun-23, 43, 08, 18, 11, 30, 33, 34, 5, Merlin
1999-Jun-26, 23, 18, 02, 17, 40, 30, 43, 4, Guinevere
1999-Jun-30, 49, 02, 32, 19, 25, 14, 31, 3, Lancelot
1999-Jul-03, 11, 44, 17, 36, 28, 42, 37, 4, Guinevere
1999-Jul-07, 44, 41, 43, 04, 06, 08, 28, 8, Merlin
1999-Jul-10, 35, 07, 05, 15, 26, 40, 45, 1, Guinevere
1999-Jul-14, 37, 01, 15, 21, 42, 41, 43, 2, Merlin
1999-Jul-17, 45, 48, 15, 03, 23, 42, 46, 3, Guinevere
1999-Jul-21, 26, 12, 17, 32, 46, 33, 04, 4, Lancelot
1999-Jul-24, 08, 25, 37, 48, 26, 38, 24, 5, Guinevere
1999-Jul-28, 14, 32, 30, 46, 03, 49, 10, 7, Arthur
1999-Jul-31, 46, 12, 26, 49, 27, 32, 42, 6, Merlin
1999-Aug-04, 03, 31, 36, 04, 29, 09, 41, 2, Arthur
1999-Aug-07, 22, 04, 24, 19, 07, 46, 47, 1, Merlin
1999-Aug-11, 01, 38, 39, 48, 15, 22, 25, 7, Arthur
1999-Aug-14, 09, 38, 18, 44, 24, 01, 26, 3, Merlin
1999-Aug-18, 38, 45, 08, 06, 13, 34, 17, 6, Guinevere
1999-Aug-21, 15, 48, 12, 16, 17, 42, 45, 5, Lancelot
1999-Aug-25, 22, 01, 48, 36, 20, 08, 11, 8, Guinevere
1999-Aug-28, 15, 27, 06, 14, 47, 17, 29, 4, Guinevere
1999-Sep-01, 27, 05, 49, 03, 19, 39, 15, 5, Arthur
1999-Sep-04, 14, 07, 05, 20, 03, 10, 16, 1, Guinevere
1999-Sep-08, 38, 22, 17, 36, 10, 08, 34, 2, Arthur
1999-Sep-11, 21, 29, 02, 16, 46, 04, 05, 6, Lancelot
1999-Sep-15, 32, 09, 27, 14, 49, 30, 03, 4, Merlin
1999-Sep-18, 05, 23, 33, 11, 15, 18, 38, 7, Lancelot
1999-Sep-22, 37, 28, 21, 06, 16, 44, 15, 3, Arthur
1999-Sep-25, 20, 43, 18, 30, 26, 49, 36, 8, Guinevere
1999-Sep-29, 33, 43, 01, 03, 08, 39, 49, 1, Arthur
1999-Oct-02, 14, 38, 37, 28, 49, 03, 33, 8, Guinevere
1999-Oct-06, 09, 21, 45, 19, 30, 13, 37, 2, Arthur
1999-Oct-09, 46, 15, 26, 29, 38, 08, 12, 6, Guinevere
1999-Oct-13, 34, 29, 19, 33, 03, 23, 10, 3, Arthur
1999-Oct-16, 31, 11, 27, 41, 40, 25, 12, 4, Guinevere
1999-Oct-20, 33, 43, 27, 09, 29, 18, 48, 7, Merlin
1999-Oct-23, 08, 15, 04, 10, 25, 39, 49, 5, Lancelot
1999-Oct-27, 09, 04, 13, 22, 25, 32, 03, 8, Arthur
1999-Oct-30, 15, 44, 27, 10, 17, 47, 14, 7, Lancelot
1999-Nov-03, 22, 37, 31, 35, 25, 03, 48, 1, Arthur
1999-Nov-06, 34, 36, 10, 46, 08, 23, 02, 2, Lancelot
1999-Nov-10, 10, 19, 28, 35, 02, 18, 26, 2, Merlin
1999-Nov-13, 28, 07, 39, 29, 21, 10, 02, 1, Guinevere
1999-Nov-17, 33, 02, 23, 36, 31, 06, 20, 4, Merlin
1999-Nov-20, 29, 20, 09, 15, 07, 34, 06, 3, Lancelot
1999-Nov-24, 01, 16, 34, 44, 12, 33, 37, 6, Guinevere
1999-Nov-27, 49, 22, 10, 47, 46, 08, 32, 7, Guinevere
1999-Dec-01, 37, 42, 36, 38, 47, 28, 23, 8, Merlin
1999-Dec-04, 23, 31, 25, 47, 16, 35, 48, 5, Lancelot
1999-Dec-08, 10, 11, 26, 31, 07, 33, 39, 2, Guinevere
1999-Dec-11, 43, 37, 46, 05, 27, 09, 28, 1, Arthur
1999-Dec-15, 16, 35, 43, 04, 44, 09, 27, 4, Arthur
1999-Dec-18, 06, 12, 29, 13, 07, 18, 25, 3, Lancelot
1999-Dec-22, 39, 29, 47, 49, 46, 32, 24, 5, Guinevere
1999-Dec-24, 23, 25, 35, 24, 21, 02, 38, 6, Lancelot
1999-Dec-29, 16, 33, 36, 26, 47, 39, 43, 8, Guinevere
2000-Jan-01, 23, 48, 02, 14, 27, 05, 38, 1, Lancelot
2000-Jan-05, 30, 22, 33, 31, 25, 05, 07, 7, Guinevere
2000-Jan-08, 13, 18, 41, 32, 34, 39, 02, 4, Lancelot
2000-Jan-12, 19, 14, 27, 17, 03, 10, 49, 2, Guinevere
2000-Jan-15, 12, 10, 17, 47, 31, 16, 21, 5, Merlin
2000-Jan-19, 04, 46, 43, 17, 16, 48, 05, 3, Guinevere
2000-Jan-22, 10, 07, 40, 44, 09, 41, 14, 8, Lancelot
2000-Jan-26, 43, 28, 41, 21, 14, 06, 30, 2, Arthur
2000-Jan-29, 48, 21, 27, 17, 05, 07, 37, 1, Merlin
2000-Feb-02, 42, 10, 31, 32, 39, 30, 25, 3, Arthur
2000-Feb-05, 40, 47, 38, 49, 21, 46, 48, 4, Lancelot
2000-Feb-09, 41, 19, 32, 06, 03, 14, 35, 6, Arthur
2000-Feb-12, 18, 06, 12, 17, 19, 04, 37, 5, Merlin
2000-Feb-16, 16, 07, 42, 06, 19, 12, 18, 8, Guinevere
2000-Feb-19, 05, 01, 32, 46, 43, 11, 38, 5, Lancelot
2000-Feb-23, 20, 39, 17, 18, 47, 11, 43, 7, Guinevere
2000-Feb-26, 45, 08, 06, 05, 03, 16, 01, 2, Merlin
2000-Mar-01, 04, 12, 15, 30, 10, 08, 34, 7, Arthur
2000-Mar-04, 47, 28, 26, 11, 13, 19, 08, 8, Merlin
2000-Mar-08, 46, 32, 22, 36, 06, 18, 24, 1, Guinevere
2000-Mar-11, 49, 46, 42, 12, 07, 37, 09, 3, Merlin
2000-Mar-15, 12, 07, 25, 30, 28, 40, 37, 4, Guinevere
2000-Mar-18, 05, 15, 08, 16, 22, 39, 31, 6, Merlin
2000-Mar-22, 18, 36, 40, 20, 06, 33, 10, 5, Arthur
2000-Mar-25, 22, 27, 23, 15, 37, 32, 43, 1, Merlin
2000-Mar-29, 28, 32, 23, 11, 18, 20, 15, 6, Guinevere
2000-Apr-01, 11, 30, 29, 25, 19, 03, 16, 8, Lancelot
2000-Apr-05, 03, 48, 02, 10, 40, 07, 37, 3, Guinevere
2000-Apr-08, 18, 49, 46, 47, 23, 30, 31, 4, Merlin
2000-Apr-12, 12, 22, 26, 34, 19, 09, 44, 1, Arthur
2000-Apr-15, 28, 31, 46, 02, 23, 48, 42, 3, Lancelot
2000-Apr-19, 01, 19, 29, 03, 07, 44, 25, 4, Arthur
2000-Apr-22, 31, 49, 43, 48, 26, 35, 38, 2, Lancelot
2000-Apr-26, 14, 09, 39, 28, 36, 04, 06, 5, Guinevere
2000-Apr-29, 16, 15, 19, 42, 27, 29, 24, 8, Lancelot
2000-May-03, 48, 38, 06, 36, 05, 24, 15, 6, Arthur
2000-May-06, 03, 41, 30, 31, 45, 02, 23, 1, Merlin
2000-May-10, 46, 29, 38, 10, 18, 37, 04, 2, Arthur
2000-May-13, 06, 35, 30, 45, 42, 44, 33, 3, Merlin
2000-May-17, 21, 11, 48, 01, 15, 10, 07, 7, Arthur
2000-May-20, 44, 18, 07, 11, 25, 21, 28, 4, Merlin
2000-May-24, 38, 21, 06, 36, 46, 08, 33, 6, Guinevere
2000-May-27, 34, 33, 43, 45, 23, 21, 40, 5, Lancelot
2000-May-31, 19, 11, 14, 01, 44, 38, 45, 8, Arthur
2000-Jun-03, 03, 48, 08, 19, 35, 36, 21, 7, Merlin
2000-Jun-07, 20, 02, 24, 05, 39, 28, 21, 2, Arthur
2000-Jun-10, 35, 44, 15, 47, 01, 14, 34, 1, Merlin
2000-Jun-14, 24, 38, 04, 07, 26, 23, 03, 4, Guinevere
2000-Jun-17, 43, 04, 25, 40, 24, 22, 06, 5, Arthur
2000-Jun-21, 10, 24, 33, 46, 37, 01, 04, 3, Arthur
2000-Jun-24, 32, 06, 34, 48, 09, 42, 04, 7, Guinevere
2000-Jun-28, 46, 27, 10, 08, 38, 40, 03, 2, Arthur
2000-Jul-01, 48, 11, 16, 22, 42, 39, 38, 1, Merlin
2000-Jul-05, 25, 06, 23, 19, 28, 11, 35, 3, Arthur
2000-Jul-08, 46, 30, 21, 41, 35, 38, 26, 4, Merlin
2000-Jul-12, 21, 27, 04, 41, 12, 49, 40, 6, Arthur
2000-Jul-15, 01, 02, 07, 39, 44, 35, 14, 5, Lancelot
2000-Jul-19, 33, 31, 41, 23, 38, 16, 20, 8, Arthur
2000-Jul-22, 13, 45, 16, 47, 48, 43, 36, 7, Lancelot
2000-Jul-26, 40, 28, 29, 43, 02, 47, 30, 2, Arthur
2000-Jul-29, 29, 30, 48, 45, 37, 33, 15, 1, Guinevere
2000-Aug-02, 39, 46, 44, 38, 35, 26, 01, 3, Lancelot
2000-Aug-05, 48, 39, 01, 35, 37, 03, 26, 5, Guinevere
2000-Aug-09, 14, 10, 32, 35, 36, 43, 37, 4, Merlin
2000-Aug-12, 36, 46, 31, 43, 35, 06, 33, 7, Guinevere
2000-Aug-16, 45, 24, 11, 37, 34, 33, 43, 8, Merlin
2000-Aug-19, 46, 43, 38, 34, 22, 05, 09, 1, Guinevere
2000-Aug-23, 31, 37, 32, 47, 03, 38, 20, 2, Lancelot
2000-Aug-26, 35, 11, 29, 04, 16, 34, 13, 3, Arthur
2000-Aug-30, 24, 21, 41, 38, 40, 13, 09, 4, Lancelot
2000-Sep-02, 11, 21, 36, 31, 12, 40, 22, 8, Arthur
2000-Sep-06, 23, 11, 32, 06, 44, 07, 34, 5, Merlin
2000-Sep-09, 04, 35, 25, 43, 24, 03, 07, 4, Lancelot
2000-Sep-13, 14, 32, 20, 49, 25, 47, 34, 2, Merlin
2000-Sep-16, 04, 26, 42, 47, 22, 23, 05, 3, Merlin
2000-Sep-20, 07, 30, 34, 39, 25, 38, 28, 1, Merlin
2000-Sep-23, 35, 06, 16, 45, 18, 32, 46, 5, Lancelot
2000-Sep-27, 10, 28, 40, 04, 24, 47, 25, 7, Lancelot
2000-Sep-30, 12, 44, 27, 15, 32, 40, 35, 6, Merlin
2000-Oct-04, 10, 43, 14, 19, 49, 46, 02, 1, Merlin
2000-Oct-07, 06, 20, 28, 45, 31, 01, 26, 4, Lancelot
2000-Oct-11, 19, 10, 06, 34, 30, 41, 26, 8, Merlin
2000-Oct-14, 37, 07, 38, 22, 40, 31, 30, 2, Merlin
2000-Oct-18, 32, 36, 19, 06, 04, 11, 23, 5, Guinevere
2000-Oct-21, 15, 24, 18, 08, 14, 44, 31, 6, Lancelot
2000-Oct-25, 06, 09, 13, 26, 38, 14, 22, 3, Arthur
2000-Oct-28, 47, 13, 31, 14, 23, 01, 09, 8, Galahad
2000-Nov-01, 09, 45, 38, 04, 20, 23, 47, 1, Arthur
2000-Nov-04, 02, 08, 29, 44, 17, 33, 11, 2, Galahad
2000-Nov-08, 09, 02, 27, 43, 16, 05, 28, 7, Guinevere
2000-Nov-11, 35, 47, 18, 28, 23, 34, 11, 6, Galahad
2000-Nov-15, 28, 13, 41, 44, 19, 31, 06, 4, Arthur
2000-Nov-18, 21, 09, 11, 06, 27, 43, 17, 3, Vyvyan
2000-Nov-22, 23, 20, 33, 04, 12, 31, 16, 5, Arthur
2000-Nov-25, 42, 48, 03, 43, 06, 20, 30, 8, Galahad
2000-Nov-29, 28, 37, 33, 19, 07, 30, 29, 6, Arthur
2000-Dec-02, 47, 37, 02, 46, 19, 28, 38, 4, Merlin
2000-Dec-06, 06, 13, 27, 10, 47, 19, 25, 7, Arthur
2000-Dec-09, 16, 11, 31, 32, 25, 33, 23, 2, Vyvyan
2000-Dec-13, 12, 03, 38, 34, 39, 23, 11, 7, Arthur
2000-Dec-16, 21, 39, 26, 29, 17, 34, 37, 6, Vyvyan
2000-Dec-20, 41, 46, 49, 05, 08, 39, 13, 5, Arthur
2000-Dec-23, 16, 37, 17, 23, 02, 38, 06, 4, Merlin
2000-Dec-27, 37, 09, 36, 26, 42, 24, 25, 3, Guinevere
2000-Dec-30, 47, 01, 16, 07, 38, 18, 10, 2, Merlin
2001-Jan-03, 06, 22, 16, 05, 17, 19, 40, 1, Arthur
2001-Jan-06, 40, 35, 34, 16, 23, 06, 37, 8, Merlin
2001-Jan-10, 27, 15, 24, 14, 10, 23, 39, 2, Guinevere
2001-Jan-13, 23, 12, 36, 40, 34, 28, 18, 3, Galahad
2001-Jan-17, 47, 36, 10, 24, 31, 13, 41, 5, Lancelot
2001-Jan-20, 41, 13, 22, 43, 17, 47, 28, 1, Merlin
2001-Jan-24, 29, 28, 39, 10, 31, 11, 24, 4, Arthur
2001-Jan-27, 47, 15, 45, 39, 04, 12, 22, 7, Vyvyan
2001-Jan-31, 01, 33, 38, 36, 16, 45, 48, 8, Lancelot
2001-Feb-03, 17, 15, 25, 26, 02, 16, 44, 6, Vyvyan
2001-Feb-07, 05, 02, 33, 37, 45, 40, 22, 2, Arthur
2001-Feb-10, 12, 32, 07, 20, 17, 09, 30, 3, Merlin
2001-Feb-14, 03, 23, 10, 30, 27, 32, 19, 1, Arthur
2001-Feb-17, 14, 40, 10, 45, 31, 35, 26, 5, Vyvyan
2001-Feb-21, 40, 24, 08, 10, 30, 44, 17, 7, Guinevere
2001-Feb-24, 28, 03, 29, 01, 12, 41, 42, 8, Merlin
2001-Feb-28, 12, 13, 09, 22, 32, 04, 08, 1, Guinevere
2001-Mar-03, 07, 48, 20, 14, 24, 38, 17, 3, Vyvyan
2001-Mar-07, 03, 30, 40, 12, 33, 49, 22, 5, Guinevere
2001-Mar-10, 21, 04, 37, 02, 36, 12, 46, 2, Merlin
2001-Mar-14, 38, 37, 01, 31, 08, 05, 15, 8, Arthur
2001-Mar-17, 01, 03, 45, 15, 26, 46, 48, 5, Galahad
2001-Mar-21, 11, 42, 34, 27, 39, 22, 36, 1, Lancelot
2001-Mar-24, 25, 42, 31, 43, 06, 32, 38, 3, Galahad
2001-Mar-28, 36, 35, 34, 25, 02, 39, 26, 4, Lancelot
2001-Mar-31, 22, 34, 44, 26, 37, 23, 08, 2, Vyvyan
2001-Apr-04, 16, 28, 10, 24, 23, 45, 46, 14, Lancelot
2001-Apr-07, 19, 30, 34, 09, 44, 32, 18, 5, Galahad
2001-Apr-11, 44, 49, 37, 38, 02, 19, 33, 4, Arthur
2001-Apr-14, 42, 47, 07, 41, 35, 24, 12, 7, Galahad
2001-Apr-18, 35, 44, 49, 46, 41, 30, 33, 6, Guinevere
2001-Apr-21, 23, 46, 12, 20, 26, 33, 01, 8, Vyvyan
2001-Apr-25, 40, 35, 11, 44, 24, 10, 33, 12, Guinevere
2001-Apr-28, 02, 47, 25, 44, 33, 40, 17, 8, Merlin
2001-May-02, 43, 23, 17, 20, 02, 28, 16, 6, Arthur
2001-May-05, 47, 16, 46, 01, 33, 03, 35, 3, Galahad
2001-May-09, 30, 48, 27, 09, 32, 18, 46, 7, Guinevere
2001-May-12, 39, 06, 30, 38, 45, 29, 22, 14, Vyvyan
2001-May-16, 25, 01, 33, 27, 38, 45, 04, 11, Lancelot
2001-May-19, 12, 33, 30, 48, 43, 04, 35, 5, Merlin
2001-May-23, 30, 31, 11, 44, 04, 47, 21, 11, Arthur
2001-May-26, 49, 29, 15, 22, 35, 03, 20, 6, Merlin
2001-May-30, 35, 23, 44, 07, 15, 39, 48, 12, Guinevere
2001-Jun-02, 11, 32, 24, 39, 07, 19, 29, 11, Vyvyan
2001-Jun-06, 16, 37, 38, 35, 12, 47, 26, 3, Lancelot
2001-Jun-09, 33, 24, 12, 45, 14, 48, 31, 4, Galahad
2001-Jun-13, 35, 12, 14, 19, 48, 33, 40, 5, Vyvyan
2001-Jun-16, 31, 07, 35, 39, 45, 25, 08, 7, Merlin
2001-Jun-20, 11, 31, 24, 49, 34, 18, 48, 12, Vyvyan
2001-Jun-23, 15, 24, 25, 46, 16, 07, 37, 8, Galahad
2001-Jun-27, 45, 12, 49, 39, 18, 43, 33, 6, Merlin
2001-Jun-30, 43, 48, 09, 15, 22, 46, 21, 3, Lancelot
2001-Jul-04, 38, 13, 28, 40, 32, 47, 27, 14, Vyvyan
2001-Jul-07, 49, 38, 34, 41, 24, 37, 15, 5, Merlin
2001-Jul-11, 24, 16, 19, 11, 33, 47, 39, 7, Merlin
2001-Jul-14, 22, 14, 07, 37, 38, 11, 36, 4, Merlin
2001-Jul-18, 02, 25, 31, 45, 41, 37, 06, 11, Guinevere
2001-Jul-21, 27, 45, 18, 13, 01, 09, 29, 12, Merlin
2001-Jul-25, 37, 08, 01, 03, 02, 30, 19, 6, Arthur
2001-Jul-28, 31, 29, 03, 45, 36, 13, 44, 8, Lancelot
2001-Aug-01, 15, 40, 11, 27, 33, 20, 14, 14, Arthur
2001-Aug-04, 11, 47, 28, 04, 15, 07, 39, 5, Lancelot
2001-Aug-08, 29, 32, 31, 46, 39, 26, 33, 7, Vyvyan
2001-Aug-11, 36, 38, 18, 19, 40, 25, 42, 3, Lancelot
2001-Aug-15, 21, 18, 04, 35, 38, 06, 31, 5, Vyvyan
2001-Aug-18, 22, 18, 16, 11, 23, 31, 37, 6, Guinevere
2001-Aug-22, 22, 33, 37, 14, 20, 29, 45, 4, Galahad
2001-Aug-25, 01, 43, 14, 30, 36, 10, 20, 7, Lancelot
2001-Aug-29, 13, 47, 09, 29, 04, 05, 36, 8, Vyvyan
2001-Sep-01, 32, 34, 38, 09, 49, 01, 03, 6, Lancelot
2001-Sep-05, 24, 48, 23, 15, 43, 27, 12, 11, Vyvyan
2001-Sep-08, 49, 06, 13, 20, 01, 18, 30, 14, Lancelot
2001-Sep-12, 27, 35, 21, 11, 30, 25, 40, 14, Vyvyan
2001-Sep-15, 17, 02, 09, 15, 40, 48, 23, 12, Merlin
2001-Sep-19, 30, 08, 25, 45, 06, 21, 42, 4, Vyvyan
2001-Sep-22, 49, 14, 46, 06, 35, 45, 16, 5, Guinevere
2001-Sep-26, 19, 14, 03, 15, 47, 17, 05, 3, Galahad
2001-Sep-29, 44, 22, 38, 14, 02, 17, 35, 11, Merlin
2001-Oct-03, 26, 44, 14, 30, 45, 02, 40, 7, Arthur
2001-Oct-06, 12, 33, 29, 44, 09, 47, 45, 5, Merlin
2001-Oct-10, 38, 46, 26, 28, 30, 18, 25, 6, Galahad
2001-Oct-13, 48, 40, 33, 38, 49, 08, 06, 7, Lancelot
2001-Oct-17, 26, 32, 31, 20, 05, 40, 36, 12, Arthur
2001-Oct-20, 19, 01, 03, 21, 26, 06, 14, 4, Guinevere
2001-Oct-24, 43, 38, 08, 39, 44, 40, 03, 3, Arthur
2001-Oct-27, 21, 02, 24, 27, 23, 38, 33, 11, Lancelot
2001-Oct-31, 36, 04, 06, 49, 18, 05, 13, 12, Lancelot
2001-Nov-03, 10, 34, 44, 43, 39, 31, 17, 7, Lancelot
2001-Nov-07, 39, 40, 10, 20, 08, 09, 36, 3, Vyvyan
2001-Nov-10, 25, 06, 24, 23, 30, 49, 39, 14, Lancelot
2001-Nov-14, 32, 19, 47, 29, 43, 33, 46, 5, Vyvyan
2001-Nov-17, 34, 19, 12, 30, 37, 41, 01, 4, Lancelot
2001-Nov-21, 30, 44, 10, 25, 46, 38, 17, 11, Lancelot
2001-Nov-24, 23, 30, 37, 27, 38, 42, 28, 6, Merlin
2001-Nov-28, 08, 42, 32, 45, 31, 22, 20, 14, Vyvyan
2001-Dec-01, 34, 26, 02, 48, 14, 19, 11, 12, Guinevere
2001-Dec-05, 04, 19, 29, 06, 08, 23, 38, 14, Guinevere
2001-Dec-08, 42, 01, 14, 16, 34, 30, 09, 7, Guinevere
2001-Dec-12, 38, 33, 25, 23, 44, 09, 29, 4, Guinevere
2001-Dec-15, 24, 07, 13, 40, 35, 05, 16, 3, Merlin
2001-Dec-19, 07, 34, 48, 46, 43, 28, 20, 6, Merlin
2001-Dec-22, 10, 12, 40, 23, 09, 01, 08, 3, Merlin
2001-Dec-26, 36, 17, 29, 37, 26, 10, 16, 4, Merlin
2001-Dec-29, 31, 32, 36, 11, 45, 19, 41, 7, Merlin
2002-Jan-02, 20, 24, 29, 32, 02, 06, 21, 5, Merlin
2002-Jan-05, 41, 28, 16, 42, 34, 02, 38, 11, Guinevere
2002-Jan-09, 41, 20, 16, 45, 29, 28, 12, 14, Merlin
2002-Jan-12, 11, 01, 12, 24, 03, 20, 38, 3, Guinevere
2002-Jan-16, 44, 32, 27, 15, 23, 16, 17, 4, Guinevere
2002-Jan-19, 07, 39, 18, 37, 34, 42, 21, 5, Merlin
2002-Jan-23, 14, 08, 20, 19, 44, 06, 41, 12, Merlin
2002-Jan-26, 27, 20, 25, 13, 32, 10, 01, 6, Vyvyan
2002-Jan-30, 47, 42, 27, 12, 39, 19, 04, 7, Guinevere
2002-Feb-02, 45, 12, 30, 06, 46, 39, 11, 11, Guinevere
2002-Feb-06, 13, 36, 02, 20, 40, 37, 34, 14, Merlin
2002-Feb-09, 20, 07, 28, 40, 48, 15, 04, 3, Vyvyan
2002-Feb-13, 29, 07, 12, 13, 16, 04, 22, 12, Guinevere
2002-Feb-16, 37, 24, 36, 10, 20, 44, 01, 4, Guinevere
2002-Feb-20, 21, 25, 24, 46, 49, 17, 22, 5, Guinevere
2002-Feb-23, 27, 08, 34, 43, 48, 09, 25, 7, Guinevere
2002-Feb-27, 28, 44, 06, 39, 31, 12, 42, 11, Merlin
2002-Mar-02, 43, 25, 11, 33, 37, 08, 30, 14, Guinevere
2002-Mar-06, 33, 31, 05, 17, 34, 20, 26, 12, Vyvyan
2002-Mar-09, 39, 09, 20, 18, 48, 21, 06, 6, Merlin
2002-Mar-13, 27, 07, 01, 34, 23, 15, 26, 5, Vyvyan
2002-Mar-16, 06, 42, 44, 41, 26, 05, 11, 4, Vyvyan
2002-Mar-20, 28, 18, 25, 10, 37, 43, 14, 11, Merlin
2002-Mar-23, 09, 40, 31, 30, 24, 28, 49, 6, Vyvyan
2002-Mar-27, 35, 09, 20, 06, 24, 36, 39, 7, Vyvyan
2002-Mar-30, 08, 14, 38, 47, 36, 25, 15, 3, Merlin
2002-Apr-03, 32, 26, 04, 08, 34, 18, 10, 14, Vyvyan
2002-Apr-06, 39, 32, 35, 17, 48, 18, 08, 5, Merlin
2002-Apr-10, 26, 05, 24, 11, 34, 41, 02, 4, Merlin
2002-Apr-13, 41, 22, 03, 40, 19, 44, 35, 5, Merlin
2002-Apr-17, 05, 32, 43, 30, 19, 13, 06, 6, Vyvyan
2002-Apr-20, 14, 32, 44, 21, 43, 07, 31, 7, Merlin
2002-Apr-24, 30, 17, 03, 20, 13, 21, 23, 11, Merlin
2002-Apr-27, 11, 32, 19, 44, 33, 43, 03, 3, Merlin
2002-May-01, 32, 22, 19, 24, 15, 10, 41, 12, Merlin
2002-May-04, 09, 47, 45, 17, 11, 08, 24, 14, Merlin
2002-May-08, 44, 10, 42, 47, 49, 08, 14, 3, Merlin
2002-May-11, 01, 27, 35, 46, 43, 25, 22, 5, Guinevere
2002-May-15, 40, 04, 19, 49, 06, 10, 09, 6, Guinevere
2002-May-18, 38, 22, 48, 31, 30, 21, 13, 3, Merlin
2002-May-22, 46, 39, 43, 05, 09, 18, 48, 11, Vyvyan
2002-May-25, 15, 40, 14, 25, 07, 27, 18, 14, Vyvyan
2002-May-29, 34, 44, 40, 19, 30, 26, 13, 4, Vyvyan
2002-Jun-01, 13, 41, 19, 44, 27, 36, 03, 11, Guinevere
2002-Jun-05, 26, 03, 47, 07, 43, 05, 10, 12, Vyvyan
2002-Jun-08, 47, 16, 18, 36, 28, 15, 49, 5, Merlin
2002-Jun-12, 48, 10, 01, 47, 02, 34, 12, 7, Merlin
2002-Jun-15, 30, 23, 36, 03, 13, 14, 32, 6, Merlin
2002-Jun-19, 41, 21, 39, 36, 18, 32, 09, 5, Vyvyan
2002-Jun-22, 17, 22, 18, 32, 14, 37, 12, 4, Guinevere
2002-Jun-26, 25, 06, 43, 33, 38, 07, 23, 6, Vyvyan
2002-Jun-29, 42, 49, 36, 28, 04, 25, 37, 7, Merlin
2002-Jul-03, 29, 27, 02, 22, 04, 05, 24, 12, Guinevere
2002-Jul-06, 01, 49, 20, 42, 43, 44, 09, 11, Merlin
2002-Jul-10, 43, 04, 19, 30, 18, 20, 24, 4, Vyvyan
2002-Jul-13, 23, 24, 21, 15, 32, 31, 08, 14, Guinevere
2002-Jul-17, 11, 46, 45, 31, 41, 10, 42, 11, Vyvyan
2002-Jul-20, 34, 07, 10, 48, 16, 47, 36, 12, Vyvyan
2002-Jul-24, 43, 35, 13, 21, 34, 07, 10, 6, Vyvyan
2002-Jul-27, 24, 44, 26, 29, 28, 34, 45, 7, Vyvyan
2002-Jul-31, 45, 09, 13, 26, 23, 15, 49, 14, Vyvyan
2002-Aug-03, 35, 06, 19, 11, 44, 36, 39, 4, Galahad
2002-Aug-07, 30, 22, 10, 23, 33, 42, 36, 5, Vyvyan
2002-Aug-10, 23, 28, 32, 13, 31, 16, 18, 5, Lancelot
2002-Aug-14, 20, 29, 06, 08, 01, 38, 31, 6, Guinevere
2002-Aug-17, 40, 32, 31, 20, 19, 35, 23, 11, Lancelot
2002-Aug-21, 42, 34, 19, 32, 05, 14, 35, 7, Vyvyan
2002-Aug-24, 04, 38, 28, 46, 26, 17, 03, 14, Arthur
2002-Aug-28, 07, 04, 09, 46, 17, 36, 23, 4, Merlin
2002-Aug-31, 46, 02, 43, 18, 31, 23, 11, 12, Galahad
2002-Sep-04, 23, 47, 33, 45, 28, 02, 13, 7, Merlin
2002-Sep-07, 07, 21, 38, 29, 31, 41, 28, 4, Arthur
2002-Sep-11, 20, 44, 37, 15, 28, 40, 23, 3, Merlin
2002-Sep-14, 14, 24, 29, 08, 27, 32, 21, 5, Lancelot
2002-Sep-18, 37, 12, 07, 04, 29, 42, 14, 6, Vyvyan
2002-Sep-21, 06, 07, 30, 11, 01, 13, 27, 7, Galahad
2002-Sep-25, 06, 33, 21, 32, 47, 29, 04, 11, Vyvyan
2002-Sep-28, 10, 09, 11, 13, 02, 16, 26, 12, Galahad
2002-Oct-02, 03, 15, 14, 21, 48, 02, 08, 7, Guinevere
2002-Oct-05, 37, 49, 15, 18, 16, 36, 28, 14, Arthur
2002-Oct-09, 07, 44, 47, 31, 25, 22, 01, 4, Guinevere
2002-Oct-12, 35, 36, 16, 18, 39, 48, 15, 3, Galahad
2002-Oct-16, 34, 25, 45, 28, 13, 19, 32, 5, Merlin
2002-Oct-19, 12, 45, 43, 44, 47, 30, 10, 11, Galahad
2002-Oct-23, 26, 44, 46, 11, 43, 36, 29, 6, Merlin
2002-Oct-26, 45, 33, 10, 24, 32, 07, 29, 4, Lancelot
2002-Oct-30, 21, 10, 31, 49, 26, 48, 29, 14, Guinevere
2002-Nov-02, 42, 48, 05, 32, 28, 39, 21, 12, Arthur
2002-Nov-06, 41, 06, 21, 08, 42, 02, 07, 3, Galahad
2002-Nov-09, 04, 05, 37, 31, 19, 08, 36, 5, Galahad
2002-Nov-13, 08, 24, 31, 14, 06, 03, 35, 6, Lancelot
2002-Nov-16, 34, 42, 10, 48, 30, 49, 06, 11, Arthur
2002-Nov-20, 16, 18, 44, 48, 19, 46, 03, 7, Galahad
2002-Nov-23, 05, 12, 30, 06, 19, 47, 25, 5, Arthur
2002-Nov-27, 25, 42, 11, 35, 36, 47, 18, 7, Lancelot
2002-Nov-30, 06, 39, 37, 29, 07, 20, 25, 3, Lancelot
2002-Dec-04, 02, 40, 26, 23, 28, 04, 29, 6, Galahad
2002-Dec-07, 36, 35, 34, 02, 19, 29, 18, 1, Lancelot
2002-Dec-11, 15, 10, 29, 16, 48, 13, 49, 4, Lancelot
2002-Dec-14, 47, 11, 38, 45, 39, 21, 26, 8, Lancelot
2002-Dec-18, 11, 42, 21, 17, 40, 22, 19, 2, Galahad
2002-Dec-21, 04, 23, 37, 22, 44, 43, 19, 3, Galahad
2002-Dec-24, 04, 08, 09, 19, 46, 32, 17, 1, Galahad
2002-Dec-28, 32, 37, 36, 02, 20, 18, 05, 2, Arthur
2003-Jan-01, 22, 34, 03, 29, 27, 41, 31, 5, Arthur
2003-Jan-04, 40, 19, 36, 45, 33, 32, 28, 6, Galahad
2003-Jan-08, 12, 34, 48, 46, 22, 10, 03, 8, Lancelot
2003-Jan-11, 09, 26, 18, 37, 22, 41, 20, 7, Galahad
2003-Jan-15, 46, 29, 48, 33, 38, 11, 44, 4, Arthur
2003-Jan-18, 04, 11, 20, 46, 43, 35, 18, 2, Lancelot
2003-Jan-22, 23, 16, 35, 05, 44, 47, 46, 1, Arthur
2003-Jan-25, 03, 42, 39, 35, 38, 19, 01, 4, Arthur
2003-Jan-29, 06, 26, 37, 01, 29, 48, 27, 3, Lancelot
2003-Feb-01, 30, 13, 02, 39, 47, 45, 21, 6, Arthur
2003-Feb-05, 26, 46, 13, 17, 01, 42, 30, 5, Galahad
2003-Feb-08, 43, 32, 23, 37, 27, 41, 35, 8, Lancelot
2003-Feb-12, 35, 18, 17, 12, 30, 20, 49, 7, Arthur
2003-Feb-15, 32, 04, 20, 48, 49, 44, 27, 2, Arthur
2003-Feb-19, 35, 10, 01, 04, 28, 17, 32, 3, Lancelot
2003-Feb-22, 30, 19, 42, 33, 38, 44, 31, 5, Galahad
2003-Feb-26, 38, 05, 40, 34, 18, 45, 22, 5, Galahad
2003-Mar-01, 29, 31, 45, 44, 22, 24, 35, 1, Galahad
2003-Mar-05, 23, 08, 03, 34, 46, 12, 24, 6, Guinevere
2003-Mar-08, 32, 05, 08, 06, 33, 41, 15, 8, Lancelot
2003-Mar-12, 33, 16, 06, 40, 41, 37, 25, 7, Arthur
2003-Mar-15, 47, 28, 04, 25, 38, 24, 11, 2, Guinevere
2003-Mar-19, 16, 18, 10, 15, 02, 39, 36, 1, Arthur
2003-Mar-22, 45, 10, 47, 49, 08, 02, 09, 2, Galahad
2003-Mar-26, 37, 47, 35, 10, 22, 49, 31, 3, Arthur
2003-Mar-29, 33, 42, 05, 15, 35, 21, 26, 4, Arthur
2003-Apr-02, 11, 37, 15, 08, 21, 39, 25, 5, Arthur
2003-Apr-05, 30, 26, 38, 31, 45, 09, 32, 6, Lancelot
2003-Apr-09, 07, 45, 27, 25, 33, 20, 41, 1, Arthur
2003-Apr-12, 45, 25, 03, 16, 05, 43, 23, 7, Arthur
2003-Apr-16, 05, 29, 47, 23, 07, 38, 26, 2, Lancelot
2003-Apr-19, 48, 08, 38, 31, 13, 10, 14, 1, Galahad
2003-Apr-23, 13, 31, 44, 41, 33, 24, 05, 3, Arthur
2003-Apr-26, 35, 27, 21, 09, 48, 33, 18, 4, Arthur
2003-Apr-30, 16, 43, 26, 20, 35, 46, 10, 5, Galahad
2003-May-03, 07, 03, 49, 46, 06, 29, 37, 8, Galahad
2003-May-07, 12, 35, 33, 47, 07, 26, 28, 7, Arthur
2003-May-10, 26, 32, 18, 08, 38, 24, 31, 8, Galahad
2003-May-14, 03, 01, 27, 16, 17, 04, 07, 1, Arthur
2003-May-17, 48, 15, 36, 12, 08, 22, 37, 2, Arthur
2003-May-21, 35, 39, 21, 18, 19, 32, 42, 6, Galahad
2003-May-24, 22, 42, 25, 04, 34, 30, 35, 3, Galahad
2003-May-28, 07, 25, 15, 32, 01, 27, 22, 4, Arthur
2003-May-31, 22, 25, 02, 09, 26, 12, 21, 5, Galahad
2003-Jun-04, 20, 40, 49, 07, 27, 43, 12, 7, Galahad
2003-Jun-07, 05, 30, 18, 17, 06, 02, 29, 8, Arthur
2003-Jun-11, 49, 39, 48, 13, 09, 22, 14, 1, Galahad
2003-Jun-14, 46, 43, 37, 03, 12, 29, 11, 2, Arthur
2003-Jun-18, 32, 16, 18, 38, 40, 26, 27, 3, Lancelot
2003-Jun-21, 36, 20, 45, 12, 39, 44, 49, 4, Lancelot
2003-Jun-25, 02, 23, 07, 06, 27, 30, 21, 1, Lancelot
2003-Jun-28, 23, 17, 35, 10, 01, 29, 36, 5, Arthur
2003-Jul-02, 17, 14, 30, 01, 23, 47, 12, 7, Galahad
2003-Jul-05, 10, 18, 06, 19, 22, 43, 08, 6, Arthur
2003-Jul-09, 35, 30, 02, 24, 31, 07, 18, 8, Arthur
2003-Jul-12, 15, 13, 21, 12, 09, 33, 43, 2, Galahad
2003-Jul-16, 16, 17, 02, 26, 42, 15, 35, 1, Arthur
2003-Jul-19, 09, 34, 03, 17, 10, 48, 36, 8, Lancelot
2003-Jul-23, 19, 31, 11, 46, 23, 38, 09, 4, Galahad
2003-Jul-26, 37, 49, 16, 01, 12, 26, 23, 3, Lancelot
2003-Jul-30, 22, 38, 17, 45, 02, 49, 01, 5, Lancelot
2003-Aug-02, 45, 28, 49, 47, 05, 26, 08, 6, Galahad
2003-Aug-06, 08, 45, 01, 36, 13, 22, 21, 1, Arthur
2003-Aug-09, 41, 25, 14, 30, 19, 11, 38, 7, Galahad
2003-Aug-13, 28, 19, 16, 18, 10, 15, 08, 3, Lancelot
2003-Aug-16, 01, 09, 42, 45, 12, 10, 27, 4, Arthur
2003-Aug-20, 34, 37, 48, 05, 42, 06, 31, 2, Arthur
2003-Aug-23, 42, 25, 15, 10, 18, 48, 11, 5, Galahad
2003-Aug-27, 29, 44, 08, 45, 18, 19, 42, 7, Arthur
2003-Aug-30, 18, 38, 43, 44, 26, 33, 02, 8, Lancelot
2003-Sep-03, 42, 11, 39, 38, 10, 13, 08, 1, Lancelot
2003-Sep-06, 21, 25, 39, 01, 27, 42, 17, 6, Lancelot
2003-Sep-10, 28, 41, 25, 48, 09, 37, 30, 3, Lancelot
2003-Sep-13, 08, 30, 32, 09, 03, 04, 12, 4, Galahad
2003-Sep-17, 15, 29, 21, 09, 16, 03, 46, 2, Arthur
2003-Sep-20, 31, 02, 48, 01, 23, 15, 49, 5, Lancelot
2003-Sep-24, 37, 34, 28, 45, 13, 11, 09, 6, Lancelot
2003-Sep-27, 30, 47, 44, 46, 24, 07, 38, 2, Galahad
2003-Oct-01, 24, 03, 48, 27, 16, 30, 21, 3, Lancelot
2003-Oct-04, 02, 08, 35, 39, 23, 32, 16, 1, Arthur
2003-Oct-08, 25, 06, 22, 28, 26, 44, 09, 4, Arthur
2003-Oct-11, 03, 11, 06, 20, 34, 43, 36, 5, Lancelot
2003-Oct-15, 16, 49, 07, 42, 11, 32, 17, 6, Arthur
2003-Oct-18, 23, 11, 05, 17, 40, 45, 41, 8, Arthur
2003-Oct-22, 46, 32, 34, 06, 19, 29, 39, 7, Lancelot
2003-Oct-25, 43, 10, 18, 21, 49, 04, 15, 1, Amethyst
2003-Oct-29, 19, 30, 29, 38, 09, 25, 03, 2, Moonstone
2003-Nov-01, 46, 15, 11, 09, 24, 38, 29, 3, Amethyst
2003-Nov-05, 47, 22, 18, 10, 20, 12, 38, 4, Amethyst
2003-Nov-08, 39, 02, 12, 48, 33, 45, 29, 6, Moonstone
2003-Nov-12, 13, 17, 24, 21, 06, 09, 30, 7, Moonstone
2003-Nov-15, 30, 47, 32, 17, 31, 35, 42, 8, Opal
2003-Nov-19, 18, 48, 43, 13, 12, 11, 21, 1, Moonstone
2003-Nov-22, 39, 16, 08, 01, 05, 31, 22, 2, Opal
2003-Nov-26, 40, 16, 34, 32, 48, 35, 03, 5, Moonstone
2003-Nov-29, 25, 23, 26, 09, 33, 36, 37, 3, Moonstone
2003-Dec-03, 02, 38, 34, 47, 28, 35, 06, 4, Amethyst
2003-Dec-06, 43, 03, 34, 11, 35, 13, 08, 5, Amethyst
2003-Dec-10, 08, 14, 37, 48, 26, 21, 09, 7, Moonstone
2003-Dec-13, 01, 28, 39, 07, 33, 09, 04, 6, Opal
2003-Dec-17, 13, 04, 21, 36, 46, 06, 37, 1, Amethyst
2003-Dec-20, 23, 35, 44, 46, 08, 39, 31, 8, Topaz
2003-Dec-24, 24, 01, 48, 07, 27, 46, 31, 2, Moonstone
2003-Dec-27, 22, 41, 27, 03, 18, 46, 37, 3, Topaz
2003-Dec-31, 34, 41, 28, 31, 19, 47, 01, 4, Amethyst
2004-Jan-03, 49, 18, 40, 23, 17, 22, 10, 5, Amethyst
2004-Jan-07, 34, 17, 02, 23, 12, 24, 10, 6, Amethyst
2004-Jan-10, 14, 29, 39, 41, 23, 45, 17, 8, Amethyst
2004-Jan-14, 46, 21, 02, 40, 19, 05, 33, 1, Amethyst
2004-Jan-17, 24, 39, 04, 08, 21, 44, 05, 5, Moonstone
2004-Jan-21, 03, 25, 34, 11, 28, 45, 42, 3, Topaz
2004-Jan-24, 27, 25, 32, 43, 35, 16, 42, 7, Amethyst
2004-Jan-28, 16, 08, 17, 47, 10, 30, 07, 6, Moonstone
2004-Jan-31, 27, 05, 12, 13, 19, 47, 40, 1, Moonstone
2004-Feb-04, 09, 47, 18, 35, 11, 20, 40, 2, Moonstone
2004-Feb-07, 46, 45, 25, 22, 44, 18, 07, 4, Amethyst
2004-Feb-11, 23, 22, 40, 38, 43, 47, 32, 3, Moonstone
2004-Feb-14, 14, 39, 45, 17, 31, 15, 23, 5, Moonstone
2004-Feb-18, 24, 21, 13, 03, 05, 01, 29, 6, Amethyst
2004-Feb-21, 18, 01, 05, 48, 42, 08, 38, 8, Amethyst
2004-Feb-25, 06, 28, 41, 38, 21, 34, 47, 7, Amethyst
2004-Feb-28, 22, 19, 38, 43, 39, 06, 18, 1, Amethyst
2004-Mar-03, 44, 47, 24, 40, 48, 38, 23, 2, Topaz
2004-Mar-06, 43, 20, 35, 19, 45, 17, 07, 3, Moonstone
2004-Mar-10, 43, 37, 34, 17, 11, 14, 22, 5, Topaz
2004-Mar-13, 10, 01, 18, 46, 19, 11, 43, 4, Topaz
2004-Mar-17, 16, 38, 43, 30, 05, 42, 04, 6, Moonstone
2004-Mar-20, 46, 48, 13, 21, 37, 42, 22, 8, Amethyst
2004-Mar-24, 17, 19, 29, 41, 07, 26, 49, 7, Amethyst
2004-Mar-27, 21, 41, 33, 25, 19, 37, 38, 2, Amethyst
2004-Mar-31, 07, 11, 40, 24, 04, 08, 33, 3, Moonstone
2004-Apr-03, 09, 38, 03, 28, 29, 12, 05, 1, Amethyst
2004-Apr-07, 36, 25, 46, 33, 09, 49, 43, 4, Moonstone
2004-Apr-10, 34, 30, 47, 25, 39, 40, 16, 6, Amethyst
2004-Apr-14, 01, 38, 22, 32, 03, 44, 45, 5, Amethyst
2004-Apr-17, 48, 31, 03, 21, 42, 47, 34, 8, Topaz
2004-Apr-21, 07, 29, 19, 20, 49, 41, 18, 1, Topaz
2004-Apr-24, 05, 01, 37, 03, 17, 04, 30, 2, Topaz
2004-Apr-28, 43, 34, 03, 47, 26, 01, 12, 3, Moonstone
2004-May-01, 05, 49, 10, 15, 27, 06, 20, 7, Moonstone
2004-May-05, 45, 43, 33, 23, 32, 42, 04, 5, Moonstone
2004-May-08, 23, 42, 14, 49, 28, 17, 05, 6, Moonstone
2004-May-12, 40, 19, 10, 18, 15, 11, 28, 7, Amethyst
2004-May-15, 49, 44, 35, 04, 46, 29, 12, 8, Pearl
2004-May-19, 39, 22, 10, 37, 33, 28, 42, 4, Pearl
2004-May-22, 01, 04, 46, 05, 34, 25, 12, 1, Amethyst
2004-May-26, 15, 18, 34, 24, 11, 44, 28, 3, Amethyst
2004-May-29, 04, 18, 40, 19, 06, 01, 30, 1, Pearl
2004-Jun-02, 42, 43, 05, 26, 22, 40, 44, 3, Amethyst
2004-Jun-05, 44, 05, 26, 08, 09, 29, 16, 4, Pearl
2004-Jun-09, 01, 12, 23, 35, 45, 26, 43, 5, Pearl
2004-Jun-12, 44, 49, 35, 48, 22, 07, 16, 2, Pearl
2004-Jun-16, 35, 42, 31, 26, 22, 29, 06, 6, Pearl
2004-Jun-19, 42, 45, 23, 02, 31, 28, 17, 8, Moonstone
2004-Jun-23, 18, 05, 48, 24, 38, 21, 25, 1, Pearl
2004-Jun-26, 24, 21, 28, 16, 31, 33, 03, 2, Pearl
2004-Jun-30, 12, 29, 43, 11, 37, 15, 45, 7, Amethyst
2004-Jul-03, 43, 25, 47, 08, 06, 21, 16, 4, Pearl
2004-Jul-07, 33, 05, 17, 10, 16, 11, 13, 5, Moonstone
2004-Jul-10, 32, 06, 09, 31, 47, 40, 24, 6, Amethyst
2004-Jul-14, 47, 38, 33, 06, 27, 45, 08, 1, Moonstone
2004-Jul-17, 16, 01, 11, 23, 36, 03, 22, 3, Moonstone
2004-Jul-21, 06, 43, 15, 13, 40, 09, 02, 4, Amethyst
2004-Jul-24, 30, 27, 31, 22, 48, 49, 28, 1, Pearl
2004-Jul-28, 11, 14, 25, 21, 10, 42, 15, 2, Pearl
2004-Jul-31, 40, 29, 03, 13, 48, 17, 39, 3, Pearl
2004-Aug-04, 08, 04, 10, 17, 22, 07, 11, 2, Amethyst
2004-Aug-07, 33, 41, 11, 38, 28, 08, 40, 2, Pearl
2004-Aug-11, 48, 19, 47, 12, 11, 49, 07, 4, Moonstone
2004-Aug-14, 13, 14, 41, 32, 31, 37, 42, 3, Pearl
2004-Aug-18, 06, 36, 42, 12, 13, 11, 21, 4, Moonstone
2004-Aug-21, 44, 01, 02, 19, 30, 49, 21, 1, Moonstone
2004-Aug-25, 46, 10, 19, 12, 13, 31, 17, 3, Amethyst
2004-Aug-28, 44, 06, 37, 07, 10, 20, 36, 7, Pearl
2004-Sep-01, 27, 32, 49, 12, 25, 37, 28, 5, Pearl
2004-Sep-04, 03, 25, 05, 43, 10, 47, 20, 8, Amethyst
2004-Sep-08, 48, 01, 10, 39, 35, 27, 28, 7, Pearl
2004-Sep-11, 19, 08, 05, 42, 35, 30, 18, 8, Topaz
2004-Sep-15, 17, 33, 03, 21, 44, 11, 27, 5, Topaz
2004-Sep-18, 10, 13, 28, 05, 42, 14, 48, 7, Pearl
2004-Sep-22, 49, 19, 40, 46, 12, 42, 17, 6, Topaz
2004-Sep-25, 42, 10, 28, 03, 43, 29, 02, 2, Topaz
2004-Sep-29, 41, 31, 23, 14, 35, 04, 24, 8, Topaz
2004-Oct-02, 41, 33, 01, 05, 06, 31, 35, 5, Garnet
2004-Oct-06, 11, 37, 06, 19, 12, 44, 16, 6, Pearl
2004-Oct-09, 34, 30, 17, 22, 06, 27, 26, 7, Topaz
2004-Oct-13, 17, 03, 18, 14, 43, 07, 42, 3, Garnet
2004-Oct-16, 25, 32, 46, 36, 45, 33, 47, 4, Garnet
2004-Oct-20, 10, 31, 25, 19, 33, 13, 21, 1, Pearl
2004-Oct-23, 40, 22, 37, 38, 27, 33, 24, 2, Garnet
2004-Oct-27, 39, 21, 11, 40, 09, 46, 35, 4, Topaz
2004-Oct-30, 27, 08, 47, 26, 03, 09, 45, 1, Topaz
2004-Nov-03, 35, 25, 36, 39, 05, 33, 43, 3, Pearl
2004-Nov-06, 02, 26, 39, 40, 36, 29, 10, 2, Pearl
2004-Nov-10, 40, 27, 37, 43, 13, 49, 01, 3, Garnet
2004-Nov-13, 22, 04, 12, 13, 10, 14, 21, 1, Garnet
2004-Nov-17, 11, 36, 24, 28, 14, 20, 46, 2, Garnet
2004-Nov-20, 01, 08, 26, 04, 28, 36, 31, 4, Pearl
2004-Nov-24, 48, 06, 09, 23, 38, 15, 45, 1, Garnet
2004-Nov-27, 07, 43, 09, 46, 04, 10, 11, 4, Pearl
2004-Dec-01, 07, 18, 31, 36, 49, 27, 43, 1, Pearl
2004-Dec-04, 42, 45, 38, 35, 09, 08, 14, 2, Topaz
2004-Dec-08, 12, 11, 35, 16, 26, 39, 34, 3, Garnet
2004-Dec-11, 07, 49, 09, 19, 23, 27, 01, 3, Pearl
2004-Dec-15, 19, 31, 07, 25, 39, 11, 23, 4, Topaz
2004-Dec-18, 25, 05, 16, 27, 30, 22, 33, 7, Garnet
2004-Dec-22, 45, 44, 04, 47, 12, 27, 41, 5, Pearl
2004-Dec-24, 37, 49, 36, 24, 19, 15, 35, 6, Garnet
2004-Dec-29, 30, 22, 41, 47, 43, 04, 29, 7, Topaz
2005-Jan-01, 04, 40, 09, 15, 06, 12, 25, 8, Pearl
2005-Jan-05, 48, 08, 42, 20, 05, 15, 40, 6, Garnet
2005-Jan-08, 29, 10, 17, 33, 28, 07, 36, 5, Garnet
2005-Jan-12, 05, 04, 38, 31, 42, 33, 41, 5, Topaz
2005-Jan-15, 20, 38, 32, 05, 30, 35, 09, 7, Garnet
2005-Jan-19, 34, 47, 24, 33, 15, 28, 37, 5, Pearl
2005-Jan-22, 42, 15, 23, 05, 30, 34, 14, 6, Pearl
2005-Jan-26, 14, 33, 40, 12, 03, 22, 19, 8, Topaz
2005-Jan-29, 27, 03, 38, 08, 44, 46, 35, 6, Garnet
2005-Feb-02, 49, 28, 02, 33, 19, 44, 21, 7, Pearl
2005-Feb-05, 22, 44, 36, 19, 43, 33, 01, 5, Garnet
2005-Feb-09, 12, 24, 32, 33, 22, 18, 17, 6, Topaz
2005-Feb-12, 11, 23, 18, 20, 48, 32, 25, 2, Amethyst
2005-Feb-16, 09, 49, 13, 30, 29, 18, 41, 3, Opal
2005-Feb-19, 35, 16, 10, 30, 19, 45, 06, 1, Amethyst
2005-Feb-23, 32, 37, 25, 36, 17, 30, 06, 4, Opal
2005-Feb-26, 48, 43, 14, 08, 25, 40, 33, 2, Moonstone
2005-Mar-02, 33, 15, 48, 03, 16, 06, 43, 1, Amethyst
2005-Mar-05, 49, 27, 26, 19, 24, 06, 08, 4, Moonstone
2005-Mar-09, 14, 47, 25, 40, 21, 39, 20, 3, Moonstone
2005-Mar-12, 08, 02, 01, 41, 09, 48, 29, 1, Amethyst
2005-Mar-16, 35, 03, 21, 09, 39, 07, 32, 2, Amethyst
2005-Mar-19, 18, 33, 06, 49, 08, 43, 27, 3, Opal
2005-Mar-23, 25, 14, 12, 38, 30, 32, 42, 4, Opal
2005-Mar-26, 28, 48, 05, 40, 21, 23, 26, 1, Moonstone
2005-Mar-30, 11, 31, 26, 29, 01, 23, 39, 2, Opal
2005-Apr-02, 27, 26, 42, 34, 18, 29, 36, 4, Opal
2005-Apr-06, 36, 45, 26, 22, 43, 49, 06, 3, Opal
2005-Apr-09, 47, 22, 45, 25, 27, 14, 08, 1, Opal
2005-Apr-13, 36, 41, 48, 23, 14, 40, 06, 2, Opal
2005-Apr-16, 39, 42, 40, 32, 26, 25, 41, 3, Opal
2005-Apr-20, 38, 26, 27, 13, 43, 41, 35, 4, Moonstone
2005-Apr-23, 31, 43, 25, 18, 29, 03, 23, 5, Moonstone
2005-Apr-27, 15, 24, 20, 47, 02, 32, 29, 7, Amethyst
2005-Apr-30, 30, 23, 47, 26, 39, 02, 31, 6, Moonstone
2005-May-04, 41, 30, 48, 38, 45, 35, 46, 8, Moonstone
2005-May-07, 34, 35, 49, 06, 02, 21, 46, 5, Moonstone
2005-May-11, 17, 43, 06, 29, 11, 01, 08, 7, Moonstone
2005-May-14, 43, 18, 33, 12, 48, 22, 25, 6, Amethyst
2005-May-18, 04, 28, 47, 22, 27, 19, 41, 5, Opal
2005-May-21, 47, 34, 43, 38, 48, 14, 09, 6, Opal
2005-May-25, 18, 33, 37, 14, 29, 39, 47, 8, Amethyst
2005-May-28, 21, 24, 46, 16, 34, 10, 30, 6, Amethyst
2005-Jun-01, 17, 03, 19, 11, 41, 20, 06, 7, Moonstone
2005-Jun-04, 40, 13, 08, 06, 15, 21, 35, 8, Moonstone
2005-Jun-08, 11, 48, 34, 13, 44, 26, 02, 5, Opal
2005-Jun-11, 34, 45, 25, 01, 18, 02, 31, 7, Moonstone
2005-Jun-15, 37, 12, 42, 07, 11, 45, 04, 5, Moonstone
2005-Jun-18, 49, 26, 07, 04, 41, 42, 37, 6, Opal
2005-Jun-22, 44, 04, 07, 48, 47, 01, 14, 8, Opal
2005-Jun-25, 49, 44, 38, 15, 23, 27, 34, 7, Amethyst
2005-Jun-29, 12, 44, 07, 23, 29, 26, 31, 8, Amethyst
2005-Jul-02, 33, 35, 38, 40, 25, 08, 07, 1, Opal
2005-Jul-06, 12, 03, 17, 49, 44, 36, 20, 2, Moonstone
2005-Jul-09, 22, 37, 07, 20, 23, 34, 38, 3, Opal
2005-Jul-13, 36, 47, 25, 39, 42, 03, 23, 4, Opal
2005-Jul-16, 44, 03, 21, 38, 02, 24, 47, 1, Moonstone
2005-Jul-20, 43, 39, 45, 29, 41, 04, 42, 3, Opal
2005-Jul-23, 37, 29, 16, 12, 07, 24, 44, 4, Amethyst
2005-Jul-27, 13, 37, 17, 10, 31, 12, 44, 2, Moonstone
2005-Jul-30, 13, 43, 09, 35, 45, 03, 08, 1, Opal
2005-Aug-03, 10, 43, 02, 36, 30, 37, 29, 4, Opal
2005-Aug-06, 06, 03, 07, 17, 34, 30, 08, 2, Opal
2005-Aug-10, 08, 43, 31, 15, 34, 30, 40, 3, Moonstone
2005-Aug-13, 22, 48, 30, 35, 19, 44, 03, 2, Moonstone
2005-Aug-17, 33, 13, 22, 31, 10, 03, 15, 1, Opal
2005-Aug-20, 20, 44, 11, 12, 38, 07, 45, 4, Opal
2005-Aug-24, 40, 48, 01, 43, 49, 44, 02, 2, Moonstone
2005-Aug-27, 13, 06, 43, 17, 32, 23, 49, 1, Moonstone
2005-Aug-31, 04, 49, 21, 32, 14, 10, 44, 4, Opal
2005-Sep-03, 35, 14, 34, 45, 26, 36, 32, 3, Moonstone
2005-Sep-07, 07, 43, 41, 01, 05, 49, 45, 3, Amethyst
2005-Sep-10, 01, 34, 46, 24, 08, 27, 30, 5, Amethyst
2005-Sep-14, 15, 39, 20, 35, 25, 22, 36, 7, Moonstone
2005-Sep-17, 21, 40, 46, 09, 31, 23, 08, 6, Amethyst
2005-Sep-21, 23, 42, 40, 33, 35, 02, 25, 8, Opal
2005-Sep-24, 29, 11, 27, 02, 44, 36, 15, 6, Opal
2005-Sep-28, 46, 21, 32, 41, 43, 42, 17, 5, Amethyst
2005-Oct-01, 31, 06, 04, 47, 42, 46, 11, 7, Moonstone
2005-Oct-05, 14, 34, 17, 23, 42, 30, 19, 5, Opal
2005-Oct-08, 26, 22, 01, 20, 14, 25, 09, 7, Amethyst
2005-Oct-12, 13, 15, 19, 45, 07, 05, 38, 6, Moonstone
2005-Oct-15, 29, 07, 04, 42, 30, 44, 39, 5, Amethyst
2005-Oct-19, 21, 29, 18, 07, 20, 47, 31, 6, Opal
2005-Oct-22, 30, 39, 18, 22, 32, 20, 03, 7, Amethyst
2005-Oct-26, 26, 14, 28, 10, 33, 38, 23, 5, Opal
2005-Oct-29, 39, 02, 49, 13, 05, 30, 03, 8, Amethyst
2005-Nov-02, 48, 49, 32, 47, 25, 19, 28, 7, Amethyst
2005-Nov-05, 32, 26, 13, 21, 39, 12, 17, 8, Amethyst
2005-Nov-09, 30, 49, 45, 15, 23, 01, 33, 8, Amethyst
2005-Nov-12, 12, 25, 30, 47, 13, 45, 42, 8, Moonstone
2005-Nov-16, 22, 24, 04, 41, 09, 30, 20, 6, Moonstone
2005-Nov-19, 19, 37, 04, 10, 09, 24, 28, 2, Moonstone
2005-Nov-23, 14, 36, 46, 33, 42, 39, 13, 1, Amethyst
2005-Nov-26, 46, 39, 27, 28, 19, 34, 07, 3, Moonstone
2005-Nov-30, 14, 07, 37, 41, 29, 45, 04, 1, Amethyst
2005-Dec-03, 47, 02, 28, 11, 10, 36, 33, 2, Opal
2005-Dec-07, 26, 11, 08, 02, 22, 12, 46, 3, Opal
2005-Dec-10, 30, 20, 23, 48, 31, 25, 10, 4, Amethyst
2005-Dec-14, 09, 17, 07, 40, 22, 27, 41, 1, Topaz
2005-Dec-17, 47, 15, 35, 11, 21, 07, 43, 4, Topaz
2005-Dec-21, 13, 05, 45, 31, 06, 12, 24, 3, Opal
2005-Dec-24, 25, 30, 17, 21, 27, 37, 16, 2, Opal
2005-Dec-28, 42, 06, 30, 10, 19, 08, 23, 4, Opal
2005-Dec-31, 33, 06, 36, 49, 11, 09, 29, 3, Amethyst
2006-Jan-04, 43, 07, 13, 45, 47, 31, 23, 1, Amethyst
2006-Jan-07, 14, 48, 28, 19, 08, 29, 06, 2, Topaz
2006-Jan-11, 38, 05, 19, 34, 08, 06, 11, 1, Amethyst
2006-Jan-14, 28, 04, 08, 47, 23, 16, 34, 3, Topaz
2006-Jan-18, 02, 47, 24, 46, 03, 07, 36, 4, Amethyst
2006-Jan-21, 49, 39, 26, 01, 27, 25, 37, 4, Amethyst
2006-Jan-25, 46, 14, 18, 09, 26, 15, 45, 5, Opal
2006-Jan-28, 29, 30, 22, 09, 48, 18, 23, 6, Opal
2006-Feb-01, 11, 13, 05, 17, 48, 44, 25, 7, Opal
2006-Feb-04, 22, 39, 01, 06, 03, 23, 21, 2, Topaz
2006-Feb-08, 28, 27, 42, 31, 09, 41, 25, 8, Topaz
2006-Feb-11, 09, 25, 15, 40, 04, 30, 42, 5, Topaz
2006-Feb-15, 16, 12, 11, 05, 45, 17, 42, 8, Opal
2006-Feb-18, 35, 36, 23, 40, 32, 09, 05, 7, Topaz
2006-Feb-22, 42, 35, 09, 43, 27, 05, 14, 6, Topaz
2006-Feb-25, 43, 14, 48, 37, 24, 07, 29, 7, Amethyst
2006-Mar-01, 16, 15, 42, 19, 28, 38, 20, 6, Opal
2006-Mar-04, 40, 33, 22, 01, 32, 16, 48, 8, Amethyst
2006-Mar-08, 14, 37, 01, 11, 35, 42, 26, 6, Topaz
2006-Mar-11, 36, 29, 31, 04, 09, 13, 16, 5, Opal
2006-Mar-15, 01, 30, 35, 14, 48, 21, 24, 7, Opal
2006-Mar-18, 44, 22, 34, 10, 24, 07, 18, 5, Amethyst
2006-Mar-22, 19, 34, 16, 08, 04, 40, 38, 6, Moonstone
2006-Mar-25, 02, 06, 30, 10, 17, 29, 09, 5, Amethyst
2006-Mar-29, 44, 18, 37, 02, 36, 06, 19, 8, Opal
2006-Apr-01, 23, 09, 18, 21, 39, 17, 45, 7, Moonstone
2006-Apr-05, 02, 49, 16, 26, 22, 01, 15, 8, Amethyst
2006-Apr-08, 05, 40, 28, 06, 18, 07, 12, 1, Opal
2006-Apr-12, 49, 26, 44, 38, 07, 19, 24, 2, Amethyst
2006-Apr-15, 48, 19, 07, 15, 37, 23, 45, 4, Amethyst
2006-Apr-19, 03, 44, 49, 09, 33, 47, 38, 1, Opal
2006-Apr-22, 09, 40, 48, 30, 24, 42, 15, 2, Moonstone
2006-Apr-26, 48, 27, 45, 33, 32, 01, 25, 3, Moonstone
2006-Apr-29, 36, 29, 47, 10, 31, 32, 17, 4, Opal
2006-May-03, 39, 09, 40, 42, 22, 11, 12, 3, Moonstone
2006-May-06, 11, 21, 02, 34, 33, 07, 08, 4, Topaz
2006-May-10, 32, 13, 36, 08, 28, 46, 15, 1, Opal
2006-May-13, 22, 36, 21, 47, 03, 15, 27, 4, Topaz
2006-May-17, 33, 19, 35, 38, 10, 03, 08, 1, Topaz
2006-May-20, 22, 24, 06, 16, 17, 45, 48, 3, Moonstone
2006-May-24, 25, 29, 46, 41, 17, 01, 06, 2, Opal
2006-May-27, 28, 24, 08, 05, 31, 12, 22, 3, Topaz
2006-May-31, 32, 34, 04, 37, 35, 16, 01, 2, Topaz
2006-Jun-03, 28, 06, 07, 04, 09, 39, 20, 1, Moonstone
2006-Jun-07, 06, 48, 09, 11, 33, 14, 31, 3, Opal
2006-Jun-10, 41, 32, 39, 14, 27, 47, 12, 4, Topaz
2006-Jun-14, 49, 07, 10, 35, 33, 04, 46, 5, Opal
2006-Jun-17, 41, 25, 26, 47, 40, 33, 10, 7, Topaz
2006-Jun-21, 44, 08, 49, 27, 38, 16, 31, 6, Moonstone
2006-Jun-24, 44, 09, 21, 39, 14, 23, 19, 5, Opal
2006-Jun-28, 34, 12, 11, 44, 39, 48, 21, 8, Opal
2006-Jul-01, 28, 37, 39, 18, 42, 33, 15, 6, Topaz
2006-Jul-05, 17, 33, 07, 45, 42, 29, 24, 8, Opal
2006-Jul-08, 19, 29, 42, 06, 10, 32, 13, 5, Topaz
2006-Jul-12, 20, 28, 27, 39, 18, 26, 45, 6, Topaz
2006-Jul-15, 38, 12, 06, 39, 19, 20, 13, 8, Amethyst
2006-Jul-19, 37, 46, 25, 21, 45, 04, 06, 7, Topaz
2006-Jul-22, 31, 47, 23, 26, 22, 20, 02, 5, Amethyst
2006-Jul-26, 17, 33, 39, 07, 30, 27, 06, 8, Topaz
2006-Jul-29, 05, 21, 19, 49, 04, 16, 20, 7, Amethyst
2006-Aug-02, 09, 41, 18, 05, 47, 08, 49, 6, Amethyst
2006-Aug-05, 11, 18, 31, 26, 13, 03, 35, 5, Topaz
2006-Aug-09, 16, 12, 02, 41, 18, 04, 48, 8, Amethyst
2006-Aug-12, 24, 43, 46, 38, 49, 30, 06, 7, Amethyst
2006-Aug-16, 16, 04, 25, 20, 31, 08, 43, 6, Amethyst
2006-Aug-19, 34, 06, 40, 48, 29, 31, 04, 7, Topaz
2006-Aug-23, 37, 06, 20, 23, 21, 16, 40, 1, Topaz
2006-Aug-26, 49, 17, 42, 10, 31, 24, 05, 2, Topaz
2006-Aug-30, 38, 22, 19, 49, 44, 21, 45, 4, Topaz
2006-Sep-02, 34, 20, 03, 08, 40, 22, 38, 1, Amethyst
2006-Sep-06, 07, 29, 05, 37, 14, 38, 12, 3, Amethyst
2006-Sep-09, 43, 37, 15, 21, 02, 46, 36, 4, Amethyst
2006-Sep-13, 15, 48, 08, 17, 40, 43, 21, 3, Amethyst
2006-Sep-16, 11, 16, 34, 43, 33, 12, 28, 2, Amethyst
2006-Sep-20, 45, 29, 03, 38, 21, 35, 46, 3, Topaz
2006-Sep-23, 43, 06, 42, 26, 28, 35, 38, 1, Topaz
2006-Sep-27, 16, 27, 03, 44, 02, 48, 24, 2, Amethyst
2006-Sep-30, 26, 12, 13, 19, 08, 38, 11, 1, Topaz
2006-Oct-04, 19, 32, 16, 27, 14, 12, 44, 3, Amethyst
2006-Oct-07, 36, 23, 24, 26, 04, 13, 45, 2, Amethyst
2006-Oct-11, 27, 26, 14, 24, 39, 16, 06, 1, Amethyst
2006-Oct-14, 08, 15, 42, 24, 37, 31, 45, 4, Topaz
2006-Oct-18, 39, 12, 48, 36, 41, 06, 17, 3, Topaz
2006-Oct-21, 31, 18, 37, 15, 23, 49, 38, 2, Topaz
2006-Oct-25, 22, 07, 02, 14, 10, 16, 43, 4, Amethyst
2006-Oct-28, 29, 06, 20, 12, 04, 05, 30, 6, Topaz
2006-Nov-01, 14, 09, 20, 31, 13, 35, 32, 7, Topaz
2006-Nov-04, 42, 17, 43, 33, 40, 30, 34, 8, Topaz
2006-Nov-08, 18, 46, 38, 02, 31, 39, 42, 6, Topaz
2006-Nov-11, 23, 41, 34, 24, 28, 33, 18, 5, Topaz
2006-Nov-15, 42, 02, 03, 40, 22, 17, 12, 7, Amethyst
2006-Nov-18, 19, 20, 32, 01, 42, 46, 49, 8, Topaz
2006-Nov-22, 45, 14, 24, 49, 31, 15, 34, 5, Amethyst
2006-Nov-25, 44, 04, 38, 31, 07, 48, 01, 7, Amethyst
2006-Nov-29, 20, 42, 31, 17, 46, 40, 01, 6, Amethyst
2006-Dec-02, 31, 15, 46, 42, 11, 09, 27, 8, Topaz
2006-Dec-06, 05, 09, 02, 12, 22, 32, 34, 7, Topaz
2006-Dec-09, 18, 10, 46, 05, 20, 08, 43, 8, Amethyst
2006-Dec-13, 04, 12, 14, 46, 20, 49, 24, 6, Amethyst
2006-Dec-16, 11, 46, 30, 08, 05, 27, 34, 7, Sapphire
2006-Dec-20, 10, 25, 38, 22, 21, 04, 31, 3, Amethyst
2006-Dec-23, 44, 24, 49, 10, 37, 16, 04, 8, Sapphire
2006-Dec-27, 29, 45, 39, 16, 34, 27, 19, 5, Sapphire
2006-Dec-30, 45, 01, 02, 11, 37, 07, 14, 1, Sapphire
2007-Jan-03, 04, 44, 06, 43, 36, 30, 20, 6, Sapphire
2007-Jan-06, 35, 40, 15, 29, 39, 25, 11, 5, Amethyst
2007-Jan-10, 02, 01, 29, 49, 13, 33, 06, 2, Sapphire
2007-Jan-13, 28, 08, 12, 20, 05, 48, 40, 1, Sapphire
2007-Jan-17, 37, 17, 12, 25, 21, 31, 30, 3, Amethyst
2007-Jan-20, 49, 07, 26, 39, 28, 04, 47, 2, Amethyst
2007-Jan-24, 48, 02, 10, 08, 31, 46, 12, 1, Sapphire
2007-Jan-27, 38, 04, 24, 21, 15, 23, 36, 4, Sapphire
2007-Jan-31, 21, 14, 30, 43, 13, 49, 17, 3, Sapphire
2007-Feb-03, 17, 46, 49, 13, 47, 39, 48, 4, Amethyst
2007-Feb-07, 18, 16, 29, 06, 35, 30, 48, 4, Sapphire
2007-Feb-10, 26, 41, 39, 38, 22, 42, 08, 2, Sapphire
2007-Feb-14, 42, 01, 04, 38, 02, 43, 23, 1, Sapphire
2007-Feb-17, 43, 18, 06, 47, 40, 49, 32, 4, Sapphire
2007-Feb-21, 34, 01, 06, 39, 42, 26, 25, 2, Amethyst
2007-Feb-24, 34, 18, 05, 42, 49, 26, 08, 3, Sapphire
2007-Feb-28, 40, 34, 15, 46, 44, 04, 45, 4, Sapphire
2007-Mar-03, 11, 28, 05, 19, 36, 01, 38, 1, Amethyst
2007-Mar-07, 25, 14, 42, 48, 04, 35, 37, 2, Amethyst
2007-Mar-10, 38, 01, 09, 34, 16, 41, 04, 5, Amethyst
2007-Mar-14, 48, 24, 21, 39, 06, 38, 41, 6, Sapphire
2007-Mar-17, 44, 09, 20, 01, 43, 14, 32, 8, Sapphire
2007-Mar-21, 19, 35, 45, 44, 29, 15, 07, 7, Amethyst
2007-Mar-24, 30, 09, 45, 14, 26, 28, 38, 6, Sapphire
2007-Mar-28, 32, 41, 19, 02, 05, 23, 38, 5, Amethyst
2007-Mar-31, 48, 44, 42, 39, 03, 35, 41, 8, Amethyst
2007-Apr-04, 35, 14, 46, 19, 49, 11, 17, 6, Sapphire
2007-Apr-07, 37, 23, 24, 33, 30, 31, 20, 5, Amethyst
2007-Apr-11, 08, 42, 35, 21, 11, 32, 47, 7, Sapphire
2007-Apr-14, 23, 36, 49, 29, 16, 13, 14, 6, Amethyst
2007-Apr-18, 30, 41, 17, 08, 11, 32, 47, 7, Amethyst
2007-Apr-21, 30, 46, 21, 20, 14, 41, 06, 5, Sapphire
2007-Apr-25, 32, 01, 39, 25, 31, 07, 18, 7, Sapphire
2007-Apr-28, 47, 28, 41, 24, 17, 11, 48, 8, Sapphire
2007-May-02, 11, 18, 39, 44, 25, 27, 34, 6, Amethyst
2007-May-05, 34, 39, 04, 38, 49, 33, 23, 5, Amethyst
2007-May-09, 08, 34, 47, 09, 49, 19, 04, 8, Amethyst
2007-May-12, 43, 40, 03, 12, 06, 09, 44, 7, Amethyst
2007-May-16, 27, 09, 24, 28, 20, 22, 12, 8, Amethyst
2007-May-19, 19, 20, 17, 32, 36, 48, 18, 2, Sapphire
2007-May-23, 40, 32, 31, 03, 19, 36, 43, 1, Amethyst
2007-May-26, 28, 19, 15, 24, 34, 03, 17, 3, Amethyst
2007-May-30, 02, 25, 47, 41, 20, 22, 37, 2, Sapphire
2007-Jun-02, 38, 43, 01, 35, 33, 10, 34, 4, Amethyst
2007-Jun-06, 40, 07, 28, 37, 21, 22, 01, 1, Sapphire
2007-Jun-09, 23, 46, 03, 33, 02, 40, 30, 4, Sapphire
2007-Jun-13, 40, 24, 19, 48, 30, 13, 31, 3, Sapphire
2007-Jun-16, 45, 43, 41, 08, 33, 17, 37, 2, Sapphire
2007-Jun-20, 43, 13, 22, 16, 47, 49, 28, 4, Amethyst
2007-Jun-23, 25, 12, 41, 19, 06, 31, 21, 3, Sapphire
2007-Jun-27, 41, 40, 13, 48, 23, 07, 01, 2, Amethyst
2007-Jun-30, 17, 46, 34, 11, 10, 38, 48, 4, Amethyst
2007-Jul-04, 44, 32, 13, 22, 46, 03, 26, 3, Sapphire
2007-Jul-07, 33, 28, 22, 30, 16, 35, 37, 1, Amethyst
2007-Jul-11, 09, 46, 10, 03, 47, 12, 22, 2, Sapphire
2007-Jul-14, 27, 39, 35, 15, 38, 37, 11, 4, Sapphire
2007-Jul-18, 31, 12, 39, 33, 41, 45, 23, 1, Sapphire
2007-Jul-21, 29, 10, 49, 25, 21, 03, 20, 3, Sapphire
2007-Jul-25, 03, 18, 38, 21, 36, 24, 20, 5, Amethyst
2007-Jul-28, 27, 22, 04, 18, 48, 44, 33, 1, Sapphire
2007-Aug-01, 23, 15, 28, 42, 06, 03, 40, 6, Amethyst
2007-Aug-04, 34, 25, 26, 23, 12, 49, 04, 7, Amethyst
2007-Aug-08, 12, 13, 09, 20, 43, 03, 07, 5, Sapphire
2007-Aug-11, 19, 46, 11, 06, 22, 10, 40, 8, Sapphire
2007-Aug-15, 43, 02, 15, 35, 05, 34, 12, 6, Amethyst
2007-Aug-18, 26, 02, 32, 37, 47, 12, 22, 8, Sapphire
2007-Aug-22, 18, 40, 39, 42, 35, 31, 32, 5, Amethyst
2007-Aug-25, 40, 42, 17, 13, 07, 33, 08, 7, Sapphire
2007-Aug-29, 06, 31, 11, 17, 41, 04, 44, 6, Amethyst
2007-Sep-01, 48, 41, 34, 42, 27, 03, 08, 7, Sapphire
2007-Sep-05, 26, 40, 35, 24, 39, 11, 38, 5, Amethyst
2007-Sep-08, 24, 20, 39, 04, 10, 49, 31, 8, Amethyst
2007-Sep-12, 46, 18, 13, 21, 04, 30, 05, 7, Amethyst
2007-Sep-15, 36, 07, 03, 21, 25, 12, 24, 8, Sapphire
2007-Sep-19, 25, 13, 02, 47, 06, 05, 45, 6, Sapphire
2007-Sep-22, 31, 30, 18, 03, 12, 15, 25, 7, Sapphire
2007-Sep-26, 41, 32, 24, 08, 16, 02, 04, 5, Sapphire
2007-Sep-29, 10, 49, 16, 11, 01, 09, 37, 8, Amethyst
2007-Oct-03, 01, 30, 17, 24, 49, 26, 14, 1, Amethyst
2007-Oct-06, 06, 05, 22, 18, 24, 38, 10, 6, Amethyst
2007-Oct-10, 01, 36, 24, 45, 27, 09, 49, 3, Sapphire
2007-Oct-13, 12, 36, 11, 39, 07, 38, 44, 2, Sapphire
2007-Oct-17, 12, 10, 32, 22, 45, 46, 27, 4, Sapphire
2007-Oct-20, 40, 33, 27, 04, 15, 25, 20, 1, Amethyst
2007-Oct-24, 48, 14, 24, 28, 16, 45, 29, 3, Amethyst
2007-Oct-27, 08, 32, 13, 22, 10, 06, 03, 4, Amethyst
2007-Oct-31, 35, 09, 33, 12, 25, 20, 17, 2, Amethyst
2007-Nov-03, 10, 49, 03, 22, 31, 25, 04, 1, Sapphire
2007-Nov-07, 02, 06, 36, 13, 17, 09, 04, 3, Amethyst
2007-Nov-10, 25, 35, 11, 13, 05, 18, 07, 4, Sapphire
2007-Nov-14, 05, 04, 35, 37, 42, 21, 14, 1, Amethyst
2007-Nov-17, 27, 46, 16, 11, 22, 20, 29, 2, Amethyst
2007-Nov-21, 32, 06, 08, 47, 25, 24, 15, 3, Sapphire
2007-Nov-24, 14, 25, 39, 37, 47, 01, 38, 4, Sapphire
2007-Nov-28, 45, 44, 15, 25, 11, 33, 17, 2, Sapphire
2007-Dec-01, 42, 33, 24, 36, 39, 12, 21, 3, Sapphire
2007-Dec-05, 26, 18, 13, 02, 39, 08, 10, 4, Amethyst
2007-Dec-08, 10, 11, 06, 04, 24, 33, 26, 1, Sapphire
2007-Dec-12, 20, 42, 45, 19, 23, 44, 07, 2, Amethyst
2007-Dec-15, 43, 12, 25, 46, 49, 22, 10, 3, Sapphire
2007-Dec-19, 33, 36, 13, 21, 47, 11, 03, 4, Sapphire
2007-Dec-22, 21, 11, 13, 44, 16, 14, 35, 2, Amethyst
2007-Dec-26, 18, 44, 08, 27, 23, 14, 48, 3, Sapphire
2007-Dec-29, 28, 23, 32, 04, 30, 13, 11, 1, Amethyst
2008-Jan-02, 25, 13, 37, 15, 39, 31, 41, 2, Amethyst
2008-Jan-05, 33, 49, 02, 20, 03, 12, 11, 3, Sapphire
2008-Jan-09, 28, 44, 49, 26, 24, 14, 45, 1, Amethyst
2008-Jan-12, 15, 18, 45, 11, 34, 06, 43, 2, Sapphire
2008-Jan-16, 29, 17, 22, 42, 08, 13, 43, 1, Amethyst
2008-Jan-19, 32, 30, 43, 45, 06, 10, 23, 3, Sapphire
2008-Jan-23, 30, 12, 13, 36, 15, 04, 42, 4, Sapphire
2008-Jan-26, 13, 43, 02, 06, 38, 01, 24, 1, Sapphire
2008-Jan-30, 40, 07, 46, 37, 27, 08, 01, 2, Amethyst
2008-Feb-02, 05, 25, 34, 07, 18, 22, 12, 5, Amethyst
2008-Feb-06, 48, 02, 05, 12, 15, 30, 38, 4, Amethyst
2008-Feb-09, 14, 40, 31, 02, 26, 29, 07, 6, Sapphire
2008-Feb-13, 32, 14, 24, 28, 41, 09, 13, 8, Sapphire
2008-Feb-16, 48, 09, 37, 21, 24, 18, 22, 5, Amethyst
2008-Feb-20, 17, 39, 31, 29, 44, 07, 04, 7, Sapphire
2008-Feb-23, 08, 25, 11, 39, 46, 16, 37, 8, Topaz
2008-Feb-27, 30, 32, 38, 45, 16, 29, 40, 7, Amethyst
2008-Mar-01, 12, 08, 20, 29, 01, 49, 04, 5, Amethyst
2008-Mar-05, 16, 08, 43, 14, 39, 47, 38, 6, Topaz
2008-Mar-08, 31, 04, 47, 30, 18, 15, 09, 7, Amethyst
2008-Mar-12, 47, 26, 01, 38, 13, 41, 07, 6, Topaz
2008-Mar-15, 48, 02, 40, 49, 23, 37, 29, 8, Sapphire
2008-Mar-19, 27, 22, 35, 25, 05, 21, 14, 6, Topaz
2008-Mar-22, 14, 45, 48, 27, 07, 11, 37, 5, Sapphire
2008-Mar-26, 33, 45, 22, 48, 27, 03, 17, 7, Sapphire
2008-Mar-29, 43, 11, 28, 40, 31, 17, 39, 6, Sapphire
2008-Apr-02, 47, 06, 43, 21, 02, 23, 29, 5, Topaz
2008-Apr-05, 45, 30, 07, 49, 23, 41, 02, 8, Sapphire
2008-Apr-09, 08, 01, 06, 32, 14, 17, 12, 7, Topaz
2008-Apr-12, 44, 46, 49, 04, 22, 17, 26, 8, Sapphire
2008-Apr-16, 10, 14, 38, 29, 04, 31, 43, 5, Topaz
2008-Apr-19, 24, 38, 19, 42, 46, 05, 27, 7, Sapphire
2008-Apr-23, 10, 39, 23, 41, 15, 34, 33, 8, Topaz
2008-Apr-26, 40, 39, 16, 37, 04, 01, 35, 5, Sapphire
2008-Apr-30, 15, 41, 35, 33, 44, 31, 09, 6, Topaz
2008-May-03, 17, 02, 42, 36, 32, 15, 04, 7, Topaz
2008-May-07, 09, 12, 10, 31, 16, 30, 03, 8, Topaz
2008-May-10, 40, 14, 32, 04, 18, 24, 37, 6, Topaz
2008-May-14, 41, 03, 29, 34, 42, 04, 25, 7, Sapphire
2008-May-17, 41, 03, 46, 11, 12, 47, 20, 5, Topaz
2008-May-21, 02, 23, 38, 41, 49, 47, 01, 6, Topaz
2008-May-24, 26, 06, 30, 10, 38, 03, 15, 7, Sapphire
2008-May-28, 10, 28, 48, 45, 36, 25, 40, 8, Sapphire
2008-May-31, 39, 22, 15, 37, 34, 20, 17, 5, Topaz
2008-Jun-04, 27, 35, 39, 42, 37, 19, 23, 6, Sapphire
2008-Jun-07, 14, 44, 37, 05, 09, 38, 42, 1, Topaz
2008-Jun-11, 28, 22, 35, 01, 08, 44, 19, 2, Topaz
2008-Jun-14, 29, 16, 07, 34, 23, 17, 04, 3, Topaz
2008-Jun-18, 39, 12, 40, 45, 34, 26, 19, 4, Topaz
2008-Jun-21, 11, 08, 09, 22, 18, 16, 36, 1, Topaz
2008-Jun-25, 36, 23, 24, 22, 11, 12, 26, 8, Sapphire
2008-Jun-28, 46, 23, 48, 12, 19, 07, 28, 3, Topaz
2008-Jul-02, 03, 30, 04, 12, 31, 23, 33, 4, Sapphire
2008-Jul-05, 30, 26, 02, 22, 28, 39, 12, 1, Sapphire
2008-Jul-09, 02, 26, 29, 15, 03, 09, 19, 2, Sapphire
2008-Jul-12, 27, 29, 16, 42, 30, 28, 43, 3, Topaz
2008-Jul-16, 17, 18, 03, 42, 22, 12, 19, 4, Sapphire
2008-Jul-19, 13, 29, 09, 18, 30, 06, 37, 2, Topaz
2008-Jul-23, 39, 35, 40, 33, 15, 17, 49, 3, Sapphire
2008-Jul-26, 03, 35, 19, 11, 24, 33, 09, 4, Topaz
2008-Jul-30, 28, 04, 26, 32, 46, 44, 07, 2, Sapphire
2008-Aug-02, 08, 15, 35, 49, 23, 32, 09, 4, Sapphire
2008-Aug-06, 30, 49, 47, 23, 07, 09, 18, 3, Topaz
2008-Aug-09, 09, 29, 33, 40, 17, 10, 15, 2, Sapphire
2008-Aug-13, 23, 11, 09, 26, 05, 10, 12, 4, Topaz
2008-Aug-16, 09, 34, 41, 35, 02, 03, 46, 3, Sapphire
2008-Aug-20, 33, 29, 34, 32, 01, 38, 06, 1, Topaz
2008-Aug-23, 27, 09, 42, 23, 16, 26, 44, 1, Sapphire
2008-Aug-27, 14, 43, 08, 35, 34, 33, 12, 2, Topaz
2008-Aug-30, 44, 14, 27, 36, 02, 31, 48, 1, Topaz
2008-Sep-03, 03, 24, 05, 07, 35, 09, 11, 4, Sapphire
2008-Sep-06, 09, 04, 13, 36, 06, 35, 46, 2, Topaz
2008-Sep-10, 19, 22, 07, 48, 16, 15, 38, 3, Topaz
2008-Sep-13, 28, 44, 21, 40, 05, 29, 35, 2, Sapphire
2008-Sep-17, 09, 29, 03, 24, 11, 43, 25, 4, Topaz
2008-Sep-20, 20, 15, 05, 24, 47, 22, 45, 3, Topaz
2008-Sep-24, 21, 24, 35, 14, 46, 01, 38, 1, Sapphire
2008-Sep-27, 44, 21, 27, 11, 38, 40, 02, 2, Sapphire
2008-Oct-01, 06, 27, 42, 29, 49, 38, 30, 4, Topaz
2008-Oct-04, 28, 18, 17, 29, 32, 40, 39, 3, Topaz
2008-Oct-08, 42, 48, 24, 25, 09, 13, 05, 5, Sapphire
2008-Oct-11, 23, 21, 27, 28, 20, 24, 33, 6, Topaz
2008-Oct-15, 34, 38, 08, 15, 18, 01, 19, 1, Topaz
2008-Oct-18, 03, 12, 30, 40, 39, 10, 23, 1, Topaz
2008-Oct-22, 01, 29, 40, 12, 37, 35, 25, 7, Sapphire
2008-Oct-25, 38, 31, 01, 43, 20, 46, 36, 8, Sapphire
2008-Oct-29, 12, 27, 15, 20, 10, 06, 26, 5, Sapphire
2008-Nov-01, 33, 43, 18, 25, 30, 19, 04, 7, Topaz
2008-Nov-05, 02, 43, 34, 27, 13, 11, 25, 8, Topaz
2008-Nov-08, 24, 27, 15, 26, 34, 33, 23, 5, Sapphire
2008-Nov-12, 01, 05, 20, 27, 13, 45, 14, 7, Sapphire
2008-Nov-15, 41, 14, 38, 30, 17, 37, 49, 8, Topaz
2008-Nov-19, 33, 05, 31, 18, 27, 07, 29, 6, Sapphire
2008-Nov-22, 34, 04, 12, 35, 48, 38, 27, 5, Topaz
2008-Nov-26, 49, 23, 06, 13, 03, 27, 16, 6, Sapphire
2008-Nov-29, 47, 39, 34, 35, 43, 10, 33, 7, Sapphire
2008-Dec-03, 34, 21, 04, 44, 19, 12, 38, 8, Topaz
2008-Dec-06, 48, 37, 39, 10, 12, 20, 31, 5, Amethyst
2008-Dec-10, 27, 29, 23, 09, 11, 33, 36, 6, Topaz
2008-Dec-13, 04, 16, 28, 37, 47, 02, 05, 7, Amethyst
2008-Dec-17, 26, 17, 15, 10, 49, 46, 47, 8, Topaz
2008-Dec-20, 44, 11, 09, 23, 03, 36, 25, 6, Topaz
2008-Dec-24, 37, 47, 10, 24, 31, 02, 38, 5, Topaz
2008-Dec-27, 10, 39, 42, 40, 24, 07, 05, 7, Sapphire
2008-Dec-31, 36, 03, 45, 11, 15, 33, 38, 8, Sapphire
2009-Jan-03, 39, 37, 19, 49, 09, 36, 10, 6, Topaz
2009-Jan-07, 27, 32, 08, 45, 39, 01, 07, 7, Sapphire
2009-Jan-10, 11, 05, 08, 45, 38, 15, 21, 8, Topaz
2009-Jan-14, 18, 42, 37, 28, 39, 03, 40, 5, Topaz
2009-Jan-17, 33, 01, 07, 38, 36, 09, 39, 7, Topaz
2009-Jan-21, 03, 32, 25, 45, 28, 29, 48, 8, Topaz
2009-Jan-24, 26, 25, 40, 39, 38, 24, 03, 6, Sapphire
2009-Jan-28, 40, 43, 39, 29, 04, 37, 09, 5, Amethyst
2009-Jan-31, 04, 38, 35, 13, 15, 01, 39, 7, Topaz
2009-Feb-04, 24, 31, 40, 33, 36, 04, 25, 8, Sapphire
2009-Feb-07, 41, 26, 07, 03, 24, 25, 28, 5, Sapphire
2009-Feb-11, 46, 38, 14, 09, 47, 16, 11, 1, Sapphire
2009-Feb-14, 17, 45, 04, 02, 19, 38, 15, 2, Topaz
2009-Feb-18, 24, 44, 29, 05, 23, 39, 26, 3, Topaz
2009-Feb-21, 18, 42, 45, 46, 26, 22, 44, 6, Sapphire
2009-Feb-25, 19, 06, 39, 32, 25, 37, 21, 6, Topaz
2009-Feb-28, 43, 06, 33, 37, 25, 42, 23, 1, Sapphire
2009-Mar-04, 46, 03, 32, 37, 25, 21, 15, 2, Topaz
2009-Mar-07, 30, 33, 32, 44, 21, 06, 35, 3, Sapphire
2009-Mar-11, 21, 31, 06, 20, 09, 34, 48, 1, Sapphire
2009-Mar-14, 31, 16, 37, 29, 09, 25, 24, 4, Topaz
2009-Mar-18, 39, 02, 41, 05, 22, 25, 27, 3, Amethyst
2009-Mar-21, 31, 36, 32, 33, 38, 01, 08, 4, Amethyst
2009-Mar-25, 13, 37, 23, 49, 26, 27, 47, 2, Topaz
2009-Mar-28, 31, 02, 28, 47, 17, 19, 14, 1, Sapphire
2009-Apr-01, 03, 19, 14, 24, 40, 05, 38, 4, Topaz
2009-Apr-04, 18, 39, 11, 36, 32, 28, 21, 2, Topaz
2009-Apr-08, 25, 21, 23, 48, 10, 08, 03, 3, Topaz
2009-Apr-11, 30, 32, 24, 06, 11, 45, 03, 1, Topaz
2009-Apr-15, 31, 23, 05, 09, 39, 18, 37, 4, Topaz
2009-Apr-18, 33, 24, 35, 49, 13, 42, 37, 3, Sapphire
2009-Apr-22, 21, 43, 42, 11, 34, 45, 20, 4, Sapphire
2009-Apr-25, 39, 41, 07, 17, 14, 49, 29, 2, Amethyst
2009-Apr-29, 42, 15, 45, 35, 01, 48, 38, 3, Sapphire
2009-May-02, 32, 10, 25, 17, 40, 34, 20, 1, Amethyst
2009-May-06, 10, 08, 01, 34, 20, 13, 28, 2, Topaz
2009-May-09, 37, 28, 09, 06, 42, 31, 12, 3, Amethyst
2009-May-13, 37, 31, 19, 47, 16, 13, 05, 1, Sapphire
2009-May-16, 42, 01, 27, 09, 05, 45, 21, 4, Topaz
2009-May-20, 45, 37, 09, 10, 30, 46, 29, 2, Amethyst
2009-May-23, 48, 41, 32, 17, 44, 12, 15, 3, Topaz
2009-May-27, 48, 31, 41, 12, 24, 02, 40, 4, Topaz
2009-May-30, 43, 20, 19, 02, 33, 05, 32, 2, Sapphire
2009-Jun-03, 31, 06, 33, 22, 04, 35, 03, 4, Sapphire
2009-Jun-06, 14, 06, 32, 42, 35, 41, 43, 3, Sapphire
2009-Jun-10, 30, 08, 23, 21, 46, 03, 26, 1, Topaz
2009-Jun-13, 01, 36, 48, 13, 43, 18, 02, 2, Topaz
2009-Jun-17, 10, 36, 14, 08, 28, 11, 18, 4, Sapphire
2009-Jun-20, 03, 40, 29, 04, 24, 17, 46, 1, Sapphire
2009-Jun-24, 21, 31, 17, 23, 10, 20, 32, 6, Amethyst
2009-Jun-27, 25, 09, 42, 31, 17, 26, 07, 5, Topaz
2009-Jul-01, 38, 11, 01, 02, 31, 43, 46, 8, Topaz
2009-Jul-04, 26, 48, 16, 14, 44, 39, 23, 7, Amethyst
2009-Jul-08, 21, 35, 10, 22, 49, 16, 31, 6, Topaz
2009-Jul-11, 10, 35, 04, 28, 06, 39, 08, 7, Sapphire
2009-Jul-15, 10, 08, 41, 05, 29, 39, 15, 8, Topaz
2009-Jul-18, 28, 09, 41, 27, 39, 33, 12, 6, Topaz
2009-Jul-22, 22, 23, 31, 35, 40, 02, 20, 5, Topaz
2009-Jul-25, 38, 17, 30, 32, 08, 40, 04, 7, Topaz
2009-Jul-29, 19, 20, 23, 26, 13, 03, 01, 5, Sapphire
2009-Aug-01, 49, 28, 06, 27, 02, 40, 14, 8, Topaz
2009-Aug-05, 16, 32, 18, 44, 39, 01, 33, 6, Amethyst
2009-Aug-08, 32, 09, 26, 33, 17, 36, 06, 5, Topaz
2009-Aug-12, 27, 09, 21, 39, 20, 40, 14, 7, Topaz
2009-Aug-15, 47, 46, 16, 32, 48, 31, 34, 6, Amethyst
2009-Aug-19, 23, 41, 45, 26, 10, 30, 49, 5, Amethyst
2009-Aug-22, 36, 18, 44, 43, 24, 23, 21, 7, Topaz
2009-Aug-26, 17, 48, 27, 03, 11, 09, 06, 8, Amethyst
2009-Aug-29, 09, 18, 39, 34, 47, 37, 05, 6, Sapphire
2009-Sep-02, 28, 07, 04, 02, 27, 35, 21, 5, Topaz
2009-Sep-05, 36, 41, 22, 12, 19, 26, 39, 7, Amethyst
2009-Sep-09, 23, 35, 11, 28, 39, 02, 15, 6, Sapphire
2009-Sep-12, 18, 24, 20, 43, 30, 44, 47, 5, Sapphire
2009-Sep-16, 34, 44, 23, 48, 46, 18, 06, 7, Sapphire
2009-Sep-19, 20, 18, 33, 43, 31, 45, 01, 8, Topaz
2009-Sep-23, 23, 28, 25, 46, 47, 41, 27, 6, Topaz
2009-Sep-26, 03, 17, 43, 32, 05, 40, 29, 5, Amethyst
2009-Sep-30, 28, 41, 02, 36, 15, 10, 08, 8, Sapphire
2009-Oct-03, 21, 14, 36, 46, 32, 23, 17, 8, Topaz
2009-Oct-07, 43, 27, 26, 45, 28, 46, 05, 8, Amethyst
2009-Oct-10, 45, 43, 17, 40, 37, 36, 34, 5, Sapphire
2009-Oct-14, 11, 42, 32, 35, 24, 05, 20, 7, Topaz
2009-Oct-17, 32, 27, 11, 37, 43, 25, 03, 6, Topaz
2009-Oct-21, 12, 19, 33, 16, 06, 44, 20, 7, Topaz
2009-Oct-24, 05, 38, 32, 31, 12, 09, 03, 8, Sapphire
2009-Oct-28, 41, 24, 25, 38, 34, 43, 11, 1, Sapphire
2009-Oct-31, 12, 44, 40, 35, 26, 18, 49, 2, Topaz
2009-Nov-04, 49, 23, 42, 39, 01, 02, 05, 4, Sapphire
2009-Nov-07, 39, 19, 45, 21, 44, 49, 47, 1, Topaz
2009-Nov-11, 06, 38, 04, 48, 12, 31, 29, 3, Topaz
2009-Nov-14, 20, 05, 09, 01, 39, 23, 38, 2, Topaz
2009-Nov-18, 04, 18, 19, 13, 12, 01, 38, 4, Topaz
2009-Nov-21, 36, 40, 32, 09, 24, 30, 35, 2, Arthur
2009-Nov-25, 23, 29, 17, 11, 03, 06, 44, 1, Arthur
2009-Nov-28, 04, 36, 47, 03, 30, 27, 08, 4, Arthur
2009-Dec-02, 19, 47, 22, 34, 02, 25, 28, 1, Guinevere
2009-Dec-05, 20, 43, 45, 08, 49, 36, 12, 2, Guinevere
2009-Dec-09, 13, 31, 40, 05, 36, 41, 06, 4, Guinevere
2009-Dec-12, 13, 23, 39, 45, 03, 22, 04, 3, Guinevere
2009-Dec-16, 20, 44, 35, 02, 34, 40, 49, 3, Arthur
2009-Dec-19, 01, 28, 20, 33, 40, 45, 35, 2, Arthur
2009-Dec-23, 18, 15, 32, 36, 37, 26, 22, 3, Arthur
2009-Dec-26, 08, 25, 36, 23, 02, 42, 30, 1, Guinevere
2009-Dec-30, 35, 34, 29, 27, 05, 14, 04, 4, Arthur
2010-Jan-02, 43, 30, 29, 26, 47, 42, 18, 3, Arthur
2010-Jan-06, 49, 04, 18, 45, 43, 16, 23, 1, Arthur
2010-Jan-09, 24, 33, 34, 48, 37, 20, 25, 4, Guinevere
2010-Jan-13, 21, 16, 06, 43, 14, 08, 19, 1, Guinevere
2010-Jan-16, 14, 42, 10, 27, 07, 04, 25, 3, Guinevere
2010-Jan-20, 16, 18, 17, 27, 28, 02, 43, 2, Guinevere
2010-Jan-23, 16, 19, 07, 03, 08, 30, 09, 4, Guinevere
2010-Jan-27, 27, 13, 01, 04, 07, 11, 12, 2, Arthur
2010-Jan-30, 02, 04, 19, 40, 23, 03, 22, 5, Guinevere
2010-Feb-03, 11, 03, 12, 28, 21, 20, 31, 6, Arthur
2010-Feb-06, 22, 12, 03, 29, 17, 15, 05, 7, Guinevere
2010-Feb-10, 42, 37, 05, 44, 07, 15, 03, 8, Guinevere
2010-Feb-13, 16, 44, 39, 30, 22, 24, 09, 5, Arthur
2010-Feb-17, 03, 38, 49, 22, 27, 31, 45, 6, Guinevere
2010-Feb-20, 31, 27, 34, 36, 08, 24, 19, 8, Arthur
2010-Feb-24, 38, 03, 11, 18, 49, 23, 34, 5, Guinevere
2010-Feb-27, 45, 17, 07, 44, 42, 14, 47, 6, Guinevere
2010-Mar-03, 44, 47, 35, 32, 27, 18, 23, 1, Guinevere
2010-Mar-06, 28, 13, 06, 27, 34, 42, 43, 2, Guinevere
2010-Mar-10, 23, 01, 34, 13, 06, 29, 37, 4, Guinevere
2010-Mar-13, 28, 23, 49, 33, 44, 25, 46, 3, Arthur
2010-Mar-17, 16, 30, 42, 34, 41, 37, 05, 1, Guinevere
2010-Mar-20, 11, 13, 18, 05, 25, 46, 26, 3, Guinevere
2010-Mar-24, 03, 49, 28, 05, 23, 42, 41, 4, Guinevere
2010-Mar-27, 32, 38, 11, 15, 42, 06, 24, 2, Guinevere
2010-Mar-31, 29, 18, 38, 44, 14, 43, 13, 3, Guinevere
2010-Apr-03, 08, 09, 31, 37, 19, 28, 45, 2, Guinevere
2010-Apr-07, 11, 08, 20, 47, 33, 43, 49, 1, Guinevere
2010-Apr-10, 09, 21, 06, 11, 40, 48, 27, 4, Guinevere
2010-Apr-14, 23, 02, 06, 08, 46, 44, 37, 2, Guinevere
2010-Apr-17, 44, 29, 03, 10, 36, 31, 45, 3, Arthur
2010-Apr-21, 02, 45, 16, 33, 19, 10, 30, 1, Arthur
2010-Apr-24, 12, 23, 40, 01, 33, 04, 35, 4, Guinevere
2010-Apr-28, 05, 19, 23, 11, 38, 46, 34, 2, Arthur
2010-May-01, 30, 29, 28, 06, 47, 15, 19, 3, Guinevere
2010-May-05, 03, 08, 47, 10, 36, 06, 02, 1, Arthur
2010-May-08, 26, 48, 46, 28, 32, 01, 10, 5, Arthur
2010-May-12, 19, 17, 45, 11, 44, 40, 16, 4, Merlin
2010-May-15, 04, 48, 26, 24, 27, 01, 28, 7, Merlin
2010-May-19, 15, 36, 34, 47, 24, 23, 44, 8, Merlin
2010-May-22, 47, 16, 37, 49, 01, 04, 27, 6, Lancelot
2010-May-26, 20, 27, 05, 19, 02, 04, 21, 5, Lancelot
2010-May-29, 17, 48, 02, 39, 42, 36, 41, 7, Merlin
2010-Jun-02, 25, 33, 39, 12, 02, 17, 01, 6, Merlin
2010-Jun-05, 23, 24, 22, 05, 29, 26, 31, 5, Merlin
2010-Jun-09, 45, 26, 46, 49, 33, 14, 30, 8, Merlin
2010-Jun-12, 01, 19, 16, 33, 34, 17, 09, 6, Lancelot
2010-Jun-16, 47, 34, 40, 08, 32, 04, 16, 5, Lancelot
2010-Jun-19, 42, 47, 41, 39, 37, 34, 45, 7, Merlin
2010-Jun-23, 09, 17, 27, 13, 22, 05, 30, 6, Lancelot
2010-Jun-26, 35, 33, 18, 47, 37, 26, 03, 7, Merlin
2010-Jun-30, 25, 35, 18, 20, 36, 06, 31, 5, Lancelot
2010-Jul-03, 48, 08, 43, 31, 37, 44, 14, 6, Lancelot
2010-Jul-07, 34, 23, 36, 29, 41, 45, 22, 8, Lancelot
2010-Jul-10, 38, 03, 30, 31, 47, 05, 37, 8, Merlin
2010-Jul-14, 15, 26, 01, 40, 43, 25, 16, 7, Merlin
2010-Jul-17, 43, 15, 32, 44, 28, 45, 20, 1, Merlin
2010-Jul-21, 25, 16, 28, 34, 08, 27, 32, 2, Merlin
2010-Jul-24, 35, 24, 43, 33, 26, 44, 27, 3, Merlin
2010-Jul-28, 37, 43, 01, 42, 11, 33, 19, 1, Merlin
2010-Jul-31, 40, 45, 33, 30, 24, 10, 16, 4, Merlin
2010-Aug-04, 43, 38, 14, 17, 22, 24, 21, 3, Lancelot
2010-Aug-07, 22, 39, 13, 25, 31, 16, 07, 2, Lancelot
2010-Aug-11, 21, 04, 31, 34, 25, 27, 45, 4, Merlin
2010-Aug-14, 31, 13, 05, 17, 42, 46, 04, 3, Merlin
2010-Aug-18, 13, 16, 40, 02, 24, 25, 18, 2, Lancelot
2010-Aug-21, 33, 19, 26, 15, 36, 08, 01, 1, Lancelot
2010-Aug-25, 05, 17, 30, 12, 10, 28, 47, 4, Lancelot
2010-Aug-28, 35, 03, 49, 43, 17, 32, 27, 3, Merlin
2010-Sep-01, 41, 27, 21, 20, 07, 28, 04, 4, Lancelot
2010-Sep-04, 16, 27, 47, 19, 41, 26, 34, 2, Merlin
2010-Sep-08, 34, 10, 49, 26, 48, 08, 06, 1, Merlin
2010-Sep-11, 21, 20, 39, 04, 35, 40, 28, 3, Lancelot
2010-Sep-15, 02, 20, 40, 33, 43, 46, 14, 4, Lancelot
2010-Sep-18, 05, 17, 32, 16, 04, 20, 03, 2, Merlin
2010-Sep-22, 12, 29, 47, 09, 41, 27, 19, 1, Lancelot
2010-Sep-25, 33, 35, 22, 19, 39, 30, 05, 5, Lancelot
2010-Sep-29, 32, 29, 38, 25, 44, 21, 14, 7, Merlin
2010-Oct-02, 10, 26, 32, 16, 40, 25, 46, 6, Merlin
2010-Oct-06, 18, 09, 23, 35, 30, 17, 14, 8, Lancelot
2010-Oct-09, 29, 35, 05, 19, 33, 11, 46, 6, Merlin
2010-Oct-13, 19, 27, 26, 44, 18, 24, 08, 5, Lancelot
2010-Oct-16, 30, 34, 06, 48, 38, 45, 32, 8, Merlin
2010-Oct-20, 14, 36, 30, 44, 47, 31, 26, 6, Lancelot
2010-Oct-23, 03, 35, 29, 14, 02, 42, 12, 7, Lancelot
2010-Oct-27, 11, 41, 03, 48, 16, 05, 32, 8, Lancelot
2010-Oct-30, 45, 02, 33, 22, 32, 37, 11, 5, Lancelot
2010-Nov-03, 21, 13, 28, 37, 39, 45, 06, 7, Merlin
2010-Nov-06, 39, 34, 22, 30, 31, 12, 36, 6, Lancelot
2010-Nov-10, 15, 30, 40, 35, 26, 41, 34, 8, Lancelot
2010-Nov-13, 39, 11, 29, 35, 05, 31, 45, 5, Lancelot
2010-Nov-17, 29, 33, 41, 27, 03, 06, 08, 7, Lancelot
2010-Nov-20, 07, 46, 17, 27, 08, 06, 29, 5, Merlin
2010-Nov-24, 49, 11, 46, 30, 38, 45, 37, 6, Lancelot
2010-Nov-27, 47, 41, 18, 10, 04, 42, 08, 8, Lancelot
2010-Dec-01, 24, 21, 27, 20, 34, 22, 29, 7, Merlin
2010-Dec-04, 04, 19, 15, 44, 49, 45, 11, 1, Merlin
2010-Dec-08, 23, 24, 14, 16, 25, 43, 48, 3, Merlin
2010-Dec-11, 43, 33, 11, 49, 15, 24, 27, 2, Arthur
2010-Dec-15, 45, 06, 09, 40, 33, 31, 41, 4, Arthur
2010-Dec-18, 49, 21, 35, 09, 46, 38, 40, 1, Guinevere
2010-Dec-22, 33, 37, 13, 07, 49, 48, 20, 2, Arthur
2010-Dec-25, 22, 15, 13, 34, 33, 25, 17, 2, Arthur
2010-Dec-29, 03, 39, 16, 26, 34, 02, 49, 3, Arthur
2011-Jan-01, 04, 34, 09, 33, 36, 45, 26, 4, Guinevere
2011-Jan-05, 35, 46, 10, 43, 04, 36, 06, 3, Arthur
2011-Jan-08, 32, 13, 41, 35, 47, 14, 46, 4, Guinevere
2011-Jan-12, 17, 12, 47, 11, 24, 19, 37, 3, Guinevere
2011-Jan-15, 24, 07, 21, 33, 08, 34, 02, 2, Arthur
2011-Jan-19, 41, 18, 42, 34, 09, 43, 33, 1, Arthur
2011-Jan-22, 14, 18, 24, 41, 04, 44, 25, 4, Guinevere
2011-Jan-26, 43, 14, 49, 47, 20, 17, 31, 1, Arthur
2011-Jan-29, 47, 05, 30, 36, 25, 20, 15, 2, Arthur
2011-Feb-02, 42, 48, 46, 20, 17, 02, 44, 4, Guinevere
2011-Feb-05, 40, 34, 33, 41, 47, 37, 05, 1, Arthur
2011-Feb-09, 39, 02, 06, 08, 09, 36, 29, 3, Arthur
2011-Feb-12, 28, 16, 30, 27, 36, 24, 35, 5, Arthur
2011-Feb-16, 29, 26, 32, 05, 15, 11, 49, 7, Guinevere
2011-Feb-19, 26, 16, 34, 32, 06, 46, 33, 8, Arthur
2011-Feb-23, 31, 01, 39, 21, 15, 08, 32, 8, Guinevere
2011-Feb-26, 29, 20, 06, 08, 34, 36, 43, 6, Guinevere
2011-Mar-02, 01, 46, 49, 25, 27, 41, 04, 6, Guinevere
2011-Mar-05, 41, 23, 43, 29, 04, 13, 49, 5, Arthur
2011-Mar-09, 09, 41, 37, 11, 49, 40, 33, 5, Arthur
2011-Mar-12, 38, 17, 19, 07, 30, 29, 40, 8, Arthur
2011-Mar-16, 16, 15, 47, 18, 48, 02, 21, 7, Guinevere
2011-Mar-19, 28, 26, 10, 39, 34, 35, 17, 7, Arthur
2011-Mar-23, 23, 32, 44, 18, 26, 06, 34, 6, Arthur
2011-Mar-26, 02, 16, 44, 21, 31, 09, 38, 6, Guinevere
2011-Mar-30, 17, 16, 39, 10, 21, 41, 47, 7, Guinevere
2011-Apr-02, 44, 49, 32, 12, 48, 14, 25, 8, Arthur
2011-Apr-06, 38, 11, 41, 07, 14, 13, 45, 5, Guinevere
2011-Apr-09, 08, 06, 47, 39, 17, 21, 22, 7, Guinevere
2011-Apr-13, 14, 43, 25, 33, 34, 01, 15, 6, Guinevere
2011-Apr-16, 44, 41, 04, 49, 34, 40, 46, 8, Arthur
2011-Apr-20, 05, 08, 44, 18, 09, 03, 42, 1, Guinevere
2011-Apr-23, 44, 18, 06, 05, 36, 49, 10, 2, Arthur
2011-Apr-27, 32, 37, 06, 27, 15, 44, 03, 5, Guinevere
2011-Apr-30, 36, 44, 06, 29, 01, 12, 21, 1, Guinevere
2011-May-04, 07, 21, 17, 03, 32, 02, 01, 1, Arthur
2011-May-07, 29, 17, 24, 48, 35, 18, 03, 1, Guinevere
2011-May-11, 33, 38, 30, 48, 34, 17, 09, 1, Guinevere
2011-May-14, 08, 46, 18, 48, 28, 27, 44, 4, Arthur
2011-May-18, 20, 36, 42, 06, 38, 15, 04, 4, Guinevere
2011-May-21, 35, 17, 24, 30, 23, 04, 05, 4, Guinevere
2011-May-25, 48, 17, 46, 07, 30, 08, 34, 3, Arthur
2011-May-28, 02, 17, 43, 03, 23, 40, 31, 3, Arthur
2011-Jun-01, 18, 02, 07, 45, 09, 38, 42, 2, Arthur
2011-Jun-04, 32, 25, 43, 44, 07, 21, 27, 3, Guinevere
2011-Jun-08, 48, 43, 19, 03, 36, 40, 21, 3, Arthur
2011-Jun-11, 45, 11, 35, 37, 09, 40, 26, 2, Guinevere
2011-Jun-15, 09, 25, 38, 29, 37, 32, 28, 2, Guinevere
2011-Jun-18, 03, 39, 38, 10, 35, 08, 31, 2, Guinevere
2011-Jun-22, 23, 45, 36, 48, 22, 16, 19, 4, Guinevere
2011-Jun-25, 09, 39, 32, 30, 05, 15, 31, 4, Guinevere
2011-Jun-29, 06, 47, 13, 05, 31, 21, 30, 5, Arthur
2011-Jul-02, 39, 48, 35, 18, 10, 34, 06, 6, Guinevere
2011-Jul-06, 32, 48, 41, 35, 34, 26, 01, 3, Guinevere
2011-Jul-09, 33, 21, 49, 24, 01, 02, 39, 7, Arthur
2011-Jul-13, 19, 49, 11, 18, 15, 07, 25, 8, Arthur
2011-Jul-16, 04, 15, 18, 40, 13, 09, 30, 7, Guinevere
2011-Jul-20, 49, 10, 42, 32, 15, 06, 04, 8, Arthur
2011-Jul-23, 02, 45, 01, 30, 11, 33, 39, 7, Arthur
2011-Jul-27, 22, 34, 16, 42, 04, 39, 35, 6, Arthur
2011-Jul-30, 32, 29, 40, 04, 10, 34, 48, 5, Guinevere
2011-Aug-03, 40, 18, 47, 39, 19, 26, 04, 5, Guinevere
2011-Aug-06, 01, 24, 18, 28, 14, 26, 19, 5, Arthur
2011-Aug-10, 02, 27, 43, 07, 04, 44, 45, 8, Arthur
2011-Aug-13, 05, 30, 33, 45, 31, 35, 03, 8, Arthur
2011-Aug-17, 48, 32, 47, 19, 03, 40, 37, 6, Guinevere
2011-Aug-20, 34, 03, 30, 35, 02, 18, 24, 7, Arthur
2011-Aug-24, 11, 27, 49, 46, 47, 48, 42, 7, Arthur
2011-Aug-27, 06, 41, 29, 07, 46, 32, 49, 6, Guinevere
2011-Aug-31, 26, 49, 47, 46, 05, 43, 28, 6, Guinevere
2011-Sep-03, 20, 17, 29, 26, 36, 04, 31, 5, Arthur
2011-Sep-07, 04, 48, 31, 29, 38, 36, 35, 1, GUINEVERE
2011-Sep-10, 07, 05, 47, 10, 09, 22, 37, 8, GUINEVERE
2011-Sep-14, 37, 42, 23, 28, 38, 29, 49, 1, ARTHUR
2011-Sep-17, 41, 06, 03, 44, 02, 45, 10, 3, GUINEVERE
2011-Sep-21, 37, 15, 32, 11, 39, 33, 28, 4, GUINEVERE
2011-Sep-24, 37, 10, 29, 34, 47, 16, 31, 3, GUINEVERE
2011-Sep-28, 44, 45, 36, 19, 15, 25, 43, 4, GUINEVERE
2011-Oct-01, 37, 15, 41, 26, 17, 04, 29, 2, GUINEVERE
2011-Oct-05, 17, 09, 39, 29, 30, 15, 11, 2, GUINEVERE
2011-Oct-08, 16, 06, 22, 34, 30, 26, 45, 2, ARTHUR
2011-Oct-12, 37, 26, 40, 25, 13, 24, 30, 3, ARTHUR
2011-Oct-15, 41, 07, 12, 46, 34, 27, 14, 2, ARTHUR
2011-Oct-19, 13, 18, 34, 49, 32, 14, 20, 3, GUINEVERE
2011-Oct-22, 20, 43, 27, 44, 28, 34, 01, 4, ARTHUR
2011-Oct-26, 04, 23, 34, 41, 38, 39, 27, 4, GUINEVERE
2011-Oct-29, 49, 14, 05, 28, 09, 46, 45, 1, GUINEVERE
2011-Nov-02, 12, 38, 11, 33, 37, 49, 03, 2, GUINEVERE
2011-Nov-05, 14, 24, 39, 23, 16, 27, 43, 8, LANCELOT
2011-Nov-09, 27, 02, 08, 32, 23, 10, 44, 1, GUINEVERE
2011-Nov-12, 28, 13, 12, 33, 06, 38, 10, 14, ARTHUR
2011-Nov-16, 26, 40, 39, 27, 10, 12, 20, 1, GUINEVERE
2011-Nov-19, 32, 31, 01, 34, 29, 36, 45, 3, ARTHUR
2011-Nov-23, 19, 31, 48, 22, 04, 11, 06, 5, MERLIN
2011-Nov-26, 13, 36, 26, 16, 25, 46, 15, 6, MERLIN
2011-Nov-30, 30, 26, 25, 24, 23, 13, 04, 7, MERLIN
2011-Dec-03, 49, 01, 35, 48, 47, 30, 08, 8, MERLIN
2011-Dec-07, 10, 31, 27, 47, 32, 14, 41, 5, MERLIN
2011-Dec-10, 30, 21, 29, 39, 24, 16, 20, 6, LANCELOT
2011-Dec-14, 03, 43, 30, 28, 10, 25, 31, 8, MERLIN
2011-Dec-17, 42, 01, 35, 48, 39, 22, 12, 5, MERLIN
2011-Dec-21, 30, 07, 28, 34, 38, 45, 06, 5, MERLIN
2011-Dec-24, 43, 32, 36, 15, 23, 01, 19, 7, LANCELOT
2011-Dec-28, 48, 11, 49, 13, 17, 08, 19, 6, LANCELOT
2011-Dec-31, 11, 38, 42, 37, 44, 07, 02, 7, LANCELOT
2012-Jan-04, 42, 43, 30, 09, 28, 26, 02, 8, MERLIN
2012-Jan-07, 47, 08, 15, 17, 14, 20, 38, 7, MERLIN
2012-Jan-11, 40, 33, 39, 09, 02, 27, 45, 6, LANCELOT
2012-Jan-14, 07, 12, 10, 15, 25, 42, 33, 7, LANCELOT
2012-Jan-18, 22, 43, 34, 09, 31, 35, 20, 6, MERLIN
2012-Jan-21, 17, 05, 32, 39, 49, 42, 19, 5, MERLIN
